feature,model,acc,auroc,sens,spec,f1,bal_acc
0,dummy,0.2926666666666667,0.5,0.14285714285714285,0.8571428571428571,0.0646870112226142,0.14285714285714285
0,sgd-linear,0.4706666666666666,0.7784497229169881,0.2793915380338399,0.8956115044709542,0.24497845376128802,0.2793915380338399
1,dummy,0.2926666666666667,0.5,0.14285714285714285,0.8571428571428571,0.0646870112226142,0.14285714285714285
1,sgd-linear,0.5226666666666666,0.5623161672767657,0.25822292932628327,0.9043959450694672,0.199041892388731,0.25822292932628327
2,dummy,0.2926666666666667,0.5,0.14285714285714285,0.8571428571428571,0.0646870112226142,0.14285714285714285
2,sgd-linear,0.5513333333333332,0.8101127008405242,0.2992613739340869,0.9128825086964689,0.2603271132133247,0.2992613739340869
3,dummy,0.2926666666666667,0.5,0.14285714285714285,0.8571428571428571,0.0646870112226142,0.14285714285714285
3,sgd-linear,0.3166666666666667,0.644736309251628,0.16589240507750816,0.8646541650082986,0.14160951304256303,0.16589240507750816
4,dummy,0.2926666666666667,0.5,0.14285714285714285,0.8571428571428571,0.0646870112226142,0.14285714285714285
4,sgd-linear,0.44666666666666666,0.7923539964382361,0.3109062657995826,0.895158622612829,0.2760425936059433,0.3109062657995826
5,dummy,0.2926666666666667,0.5,0.14285714285714285,0.8571428571428571,0.0646870112226142,0.14285714285714285
5,sgd-linear,0.5433333333333333,0.7899543201532144,0.32591307432549943,0.9086747011468734,0.2770250003962492,0.32591307432549943
6,dummy,0.2926666666666667,0.5,0.14285714285714285,0.8571428571428571,0.0646870112226142,0.14285714285714285
6,sgd-linear,0.5073333333333333,0.7866052422067601,0.28267126350226096,0.9050330318297239,0.24046566879885214,0.28267126350226096
7,dummy,0.2926666666666667,0.5,0.14285714285714285,0.8571428571428571,0.0646870112226142,0.14285714285714285
7,sgd-linear,0.5533333333333333,0.758475312684227,0.2731801252979139,0.9102747864973452,0.2006070844199531,0.2731801252979139
8,dummy,0.2926666666666667,0.5,0.14285714285714285,0.8571428571428571,0.0646870112226142,0.14285714285714285
8,sgd-linear,0.48933333333333334,0.7587723878167562,0.3031818823461056,0.8990894199304874,0.25774823747292197,0.3031818823461056
9,dummy,0.2926666666666667,0.5,0.14285714285714285,0.8571428571428571,0.0646870112226142,0.14285714285714285
9,sgd-linear,0.544,0.7939126476171411,0.382000659699156,0.9104681588615383,0.35948695773036443,0.382000659699156
10,dummy,0.2926666666666667,0.5,0.14285714285714285,0.8571428571428571,0.0646870112226142,0.14285714285714285
10,sgd-linear,0.572,0.8070926561126246,0.359064098969519,0.9148595047607305,0.30627806206777813,0.359064098969519
11,dummy,0.2926666666666667,0.5,0.14285714285714285,0.8571428571428571,0.0646870112226142,0.14285714285714285
11,sgd-linear,0.5493333333333333,0.7694272256963212,0.33429673089619316,0.909898536352307,0.28789504108791036,0.33429673089619316
12,dummy,0.2926666666666667,0.5,0.14285714285714285,0.8571428571428571,0.0646870112226142,0.14285714285714285
12,sgd-linear,0.47400000000000003,0.8008587212803121,0.3399954578419799,0.8967737791043694,0.3137098464853449,0.3399954578419799
13,dummy,0.2926666666666667,0.5,0.14285714285714285,0.8571428571428571,0.0646870112226142,0.14285714285714285
13,sgd-linear,0.46066666666666667,0.772485707430939,0.2705715083701632,0.8919790922824642,0.23244339487468801,0.2705715083701632
14,dummy,0.2926666666666667,0.5,0.14285714285714285,0.8571428571428571,0.0646870112226142,0.14285714285714285
14,sgd-linear,0.43133333333333335,0.7715693264846154,0.26383190190188277,0.8863973285724576,0.2350779552720125,0.26383190190188277
15,dummy,0.2926666666666667,0.5,0.14285714285714285,0.8571428571428571,0.0646870112226142,0.14285714285714285
15,sgd-linear,0.3666666666666667,0.7918707804146011,0.33351810098371876,0.8796388647325756,0.31801505651747564,0.33351810098371876
16,dummy,0.2926666666666667,0.5,0.14285714285714285,0.8571428571428571,0.0646870112226142,0.14285714285714285
16,sgd-linear,0.47800000000000004,0.7338417855946615,0.26845736788068975,0.8954218987813014,0.22565625207643109,0.26845736788068975
17,dummy,0.2926666666666667,0.5,0.14285714285714285,0.8571428571428571,0.0646870112226142,0.14285714285714285
17,sgd-linear,0.4086666666666667,0.7209946445872784,0.28626436036429304,0.8849016664338478,0.2682952756087456,0.28626436036429304
18,dummy,0.2926666666666667,0.5,0.14285714285714285,0.8571428571428571,0.0646870112226142,0.14285714285714285
18,sgd-linear,0.41533333333333333,0.7572310013009526,0.31077920736240017,0.8861070548414249,0.2907753042581184,0.31077920736240017
19,dummy,0.2926666666666667,0.5,0.14285714285714285,0.8571428571428571,0.0646870112226142,0.14285714285714285
19,sgd-linear,0.492,0.792784483141969,0.25031569909554474,0.8994755278617863,0.20868962105559558,0.25031569909554474
20,dummy,0.2926666666666667,0.5,0.14285714285714285,0.8571428571428571,0.0646870112226142,0.14285714285714285
20,sgd-linear,0.442,0.7832606343746216,0.3418667432424983,0.8941800693023543,0.2716048334672007,0.3418667432424983
21,dummy,0.2926666666666667,0.5,0.14285714285714285,0.8571428571428571,0.0646870112226142,0.14285714285714285
21,sgd-linear,0.454,0.7439738190544102,0.3294895240121554,0.8933275089626738,0.3023360723574512,0.3294895240121554
22,dummy,0.2926666666666667,0.5,0.14285714285714285,0.8571428571428571,0.0646870112226142,0.14285714285714285
22,sgd-linear,0.47133333333333327,0.7467789759968937,0.2327006930205194,0.8935069991081559,0.1746609906537617,0.2327006930205194
23,dummy,0.2926666666666667,0.5,0.14285714285714285,0.8571428571428571,0.0646870112226142,0.14285714285714285
23,sgd-linear,0.39733333333333337,0.7346517319526311,0.3654063052063429,0.881834416445842,0.31585417796897214,0.3654063052063429
24,dummy,0.2926666666666667,0.5,0.14285714285714285,0.8571428571428571,0.0646870112226142,0.14285714285714285
24,sgd-linear,0.5073333333333333,0.8183855380709761,0.2846399901760929,0.9032903139456001,0.24860023755783028,0.2846399901760929
25,dummy,0.2926666666666667,0.5,0.14285714285714285,0.8571428571428571,0.0646870112226142,0.14285714285714285
25,sgd-linear,0.406,0.7486066378231694,0.31215838753361624,0.8873052808118645,0.24749087718240484,0.31215838753361624
26,dummy,0.2926666666666667,0.5,0.14285714285714285,0.8571428571428571,0.0646870112226142,0.14285714285714285
26,sgd-linear,0.4046666666666667,0.717504910516934,0.29420180707698984,0.8820904886374132,0.23885384263865944,0.29420180707698984
27,dummy,0.2926666666666667,0.5,0.14285714285714285,0.8571428571428571,0.0646870112226142,0.14285714285714285
27,sgd-linear,0.4693333333333333,0.6486392824563711,0.2686410297342789,0.8960243292906755,0.23110827475570384,0.2686410297342789
28,dummy,0.2926666666666667,0.5,0.14285714285714285,0.8571428571428571,0.0646870112226142,0.14285714285714285
28,sgd-linear,0.5493333333333335,0.6233916783969973,0.2711674068183809,0.9095786993012082,0.20151737800527245,0.2711674068183809
29,dummy,0.2926666666666667,0.5,0.14285714285714285,0.8571428571428571,0.0646870112226142,0.14285714285714285
29,sgd-linear,0.5040000000000001,0.799009657807691,0.34933814597732205,0.9027920851260337,0.3146948065723226,0.34933814597732205
30,dummy,0.2926666666666667,0.5,0.14285714285714285,0.8571428571428571,0.0646870112226142,0.14285714285714285
30,sgd-linear,0.5653333333333334,0.8813665495754412,0.2791038752746853,0.9126466370957405,0.2046840104543482,0.2791038752746853
31,dummy,0.2926666666666667,0.5,0.14285714285714285,0.8571428571428571,0.0646870112226142,0.14285714285714285
31,sgd-linear,0.45933333333333337,0.7469517435721784,0.3579712516048192,0.892860975041246,0.32391578111205527,0.3579712516048192
32,dummy,0.2926666666666667,0.5,0.14285714285714285,0.8571428571428571,0.0646870112226142,0.14285714285714285
32,sgd-linear,0.4166666666666667,0.8150349684118783,0.30015543532078076,0.8893457024116536,0.25908525735796967,0.30015543532078076
33,dummy,0.2926666666666667,0.5,0.14285714285714285,0.8571428571428571,0.0646870112226142,0.14285714285714285
33,sgd-linear,0.392,0.751308297628659,0.27965821034739385,0.8781335575659064,0.23845116153870807,0.27965821034739385
34,dummy,0.2926666666666667,0.5,0.14285714285714285,0.8571428571428571,0.0646870112226142,0.14285714285714285
34,sgd-linear,0.534,0.8017817878543185,0.317280036412642,0.9072196866885571,0.26544025046183234,0.317280036412642
35,dummy,0.2926666666666667,0.5,0.14285714285714285,0.8571428571428571,0.0646870112226142,0.14285714285714285
35,sgd-linear,0.5479999999999999,0.7261250992202962,0.27049540440219244,0.9090482698998686,0.19922509392511323,0.27049540440219244
36,dummy,0.2926666666666667,0.5,0.14285714285714285,0.8571428571428571,0.0646870112226142,0.14285714285714285
36,sgd-linear,0.5153333333333332,0.7556740968643781,0.32857790977708,0.9042165180522851,0.3013906861784247,0.32857790977708
37,dummy,0.2926666666666667,0.5,0.14285714285714285,0.8571428571428571,0.0646870112226142,0.14285714285714285
37,sgd-linear,0.6106666666666667,0.8199969841996536,0.3372649819876228,0.923347403244521,0.29599090559719254,0.3372649819876228
38,dummy,0.2926666666666667,0.5,0.14285714285714285,0.8571428571428571,0.0646870112226142,0.14285714285714285
38,sgd-linear,0.5553333333333332,0.8272362111498672,0.2741617917123837,0.9108142854741766,0.20469342831029866,0.2741617917123837
39,dummy,0.2926666666666667,0.5,0.14285714285714285,0.8571428571428571,0.0646870112226142,0.14285714285714285
39,sgd-linear,0.5466666666666666,0.789141511669644,0.2699562872462537,0.9089252148184415,0.19803749267759957,0.2699562872462537
40,dummy,0.2926666666666667,0.5,0.14285714285714285,0.8571428571428571,0.0646870112226142,0.14285714285714285
40,sgd-linear,0.4786666666666667,0.7734326625472847,0.2362340214937036,0.8952157325059744,0.1730778418944067,0.2362340214937036
41,dummy,0.2926666666666667,0.5,0.14285714285714285,0.8571428571428571,0.0646870112226142,0.14285714285714285
41,sgd-linear,0.5026666666666667,0.8006554366608702,0.24809173490785832,0.9001422362726069,0.18294477124565203,0.24809173490785832
42,dummy,0.2926666666666667,0.5,0.14285714285714285,0.8571428571428571,0.0646870112226142,0.14285714285714285
42,sgd-linear,0.538,0.8166056197153775,0.2656597356446406,0.9074372096109192,0.20304158539241862,0.2656597356446406
43,dummy,0.2926666666666667,0.5,0.14285714285714285,0.8571428571428571,0.0646870112226142,0.14285714285714285
43,sgd-linear,0.6146666666666667,0.8262011279048995,0.33913262071422456,0.9243192079514543,0.29638900853754757,0.33913262071422456
44,dummy,0.2926666666666667,0.5,0.14285714285714285,0.8571428571428571,0.0646870112226142,0.14285714285714285
44,sgd-linear,0.5406666666666666,0.8313055839087905,0.2668410092038565,0.907810351176292,0.1973856118836615,0.2668410092038565
45,dummy,0.2926666666666667,0.5,0.14285714285714285,0.8571428571428571,0.0646870112226142,0.14285714285714285
45,sgd-linear,0.566,0.7845518467590209,0.28672910824505615,0.9141861594248907,0.23796797314988175,0.28672910824505615
46,dummy,0.2926666666666667,0.5,0.14285714285714285,0.8571428571428571,0.0646870112226142,0.14285714285714285
46,sgd-linear,0.5666666666666667,0.6672042042519551,0.2797946209175513,0.9131876996691911,0.21326801398542555,0.2797946209175513
47,dummy,0.2926666666666667,0.5,0.14285714285714285,0.8571428571428571,0.0646870112226142,0.14285714285714285
47,sgd-linear,0.378,0.7015202647021322,0.31011949925000687,0.8799143279139134,0.25418773095305003,0.31011949925000687
48,dummy,0.2926666666666667,0.5,0.14285714285714285,0.8571428571428571,0.0646870112226142,0.14285714285714285
48,sgd-linear,0.44333333333333336,0.7460400884068654,0.2578388580773127,0.8895430798419104,0.23351400437217262,0.2578388580773127
49,dummy,0.2926666666666667,0.5,0.14285714285714285,0.8571428571428571,0.0646870112226142,0.14285714285714285
49,sgd-linear,0.484,0.6874092729740676,0.26333624421018065,0.8976225027473493,0.23415726624847708,0.26333624421018065
50,dummy,0.2926666666666667,0.5,0.14285714285714285,0.8571428571428571,0.0646870112226142,0.14285714285714285
50,sgd-linear,0.3753333333333333,0.7951069004210495,0.2648662095862212,0.8771008350521218,0.21911312891555945,0.2648662095862212
51,dummy,0.2926666666666667,0.5,0.14285714285714285,0.8571428571428571,0.0646870112226142,0.14285714285714285
51,sgd-linear,0.3593333333333333,0.6305019031568915,0.18016305392172177,0.8715386780465735,0.13585816422398905,0.18016305392172177
52,dummy,0.2926666666666667,0.5,0.14285714285714285,0.8571428571428571,0.0646870112226142,0.14285714285714285
52,sgd-linear,0.49399999999999994,0.756565836042397,0.27915162656307346,0.901170997861902,0.2420534353895612,0.27915162656307346
53,dummy,0.2926666666666667,0.5,0.14285714285714285,0.8571428571428571,0.0646870112226142,0.14285714285714285
53,sgd-linear,0.558,0.7761400707943454,0.3485130484204671,0.9121013797639181,0.29928380761285567,0.3485130484204671
54,dummy,0.2926666666666667,0.5,0.14285714285714285,0.8571428571428571,0.0646870112226142,0.14285714285714285
54,sgd-linear,0.4913333333333333,0.7987787613334634,0.25509959931068427,0.9005984815010765,0.21968149850518706,0.25509959931068427
55,dummy,0.2926666666666667,0.5,0.14285714285714285,0.8571428571428571,0.0646870112226142,0.14285714285714285
55,sgd-linear,0.5279999999999999,0.7351296815095787,0.26086146655206516,0.9051698904659725,0.19112584638411473,0.26086146655206516
56,dummy,0.2926666666666667,0.5,0.14285714285714285,0.8571428571428571,0.0646870112226142,0.14285714285714285
56,sgd-linear,0.5406666666666666,0.7993469799550281,0.26690931472100393,0.9076104478101387,0.19595587119129734,0.26690931472100393
57,dummy,0.2926666666666667,0.5,0.14285714285714285,0.8571428571428571,0.0646870112226142,0.14285714285714285
57,sgd-linear,0.4366666666666667,0.7200899079157412,0.2937567081998051,0.8886213270131856,0.27443481743868103,0.2937567081998051
58,dummy,0.2926666666666667,0.5,0.14285714285714285,0.8571428571428571,0.0646870112226142,0.14285714285714285
58,sgd-linear,0.4873333333333333,0.6778250307594856,0.27394327131097235,0.8985093966519418,0.23588317220295824,0.27394327131097235
59,dummy,0.2926666666666667,0.5,0.14285714285714285,0.8571428571428571,0.0646870112226142,0.14285714285714285
59,sgd-linear,0.4873333333333333,0.7129593119489728,0.3455208435538069,0.8977364990430825,0.3200576823560869,0.3455208435538069
60,dummy,0.2926666666666667,0.5,0.14285714285714285,0.8571428571428571,0.0646870112226142,0.14285714285714285
60,sgd-linear,0.5366666666666667,0.8371394634967538,0.39490735139053956,0.909485787979125,0.3554854326158999,0.39490735139053956
61,dummy,0.2926666666666667,0.5,0.14285714285714285,0.8571428571428571,0.0646870112226142,0.14285714285714285
61,sgd-linear,0.6060000000000001,0.7723558267173429,0.3860289229929779,0.9214983878244466,0.33192802274123523,0.3860289229929779
62,dummy,0.2926666666666667,0.5,0.14285714285714285,0.8571428571428571,0.0646870112226142,0.14285714285714285
62,sgd-linear,0.6026666666666667,0.850620448069672,0.3308717966799034,0.9214271340561926,0.2933209712487907,0.3308717966799034
63,dummy,0.2926666666666667,0.5,0.14285714285714285,0.8571428571428571,0.0646870112226142,0.14285714285714285
63,sgd-linear,0.4613333333333333,0.7459130068161846,0.3039189486394543,0.8915087633897194,0.2708527238407588,0.3039189486394543
64,dummy,0.2926666666666667,0.5,0.14285714285714285,0.8571428571428571,0.0646870112226142,0.14285714285714285
64,sgd-linear,0.524,0.7544589559191918,0.2586900958531696,0.9043625304183832,0.18988209126517436,0.2586900958531696
65,dummy,0.2926666666666667,0.5,0.14285714285714285,0.8571428571428571,0.0646870112226142,0.14285714285714285
65,sgd-linear,0.45199999999999996,0.6639927459688076,0.2586327960697407,0.8914378572401163,0.2056840494367725,0.2586327960697407
66,dummy,0.2926666666666667,0.5,0.14285714285714285,0.8571428571428571,0.0646870112226142,0.14285714285714285
66,sgd-linear,0.5226666666666666,0.7727890690748463,0.3665153972883757,0.90819861992494,0.33242748261935073,0.3665153972883757
67,dummy,0.2926666666666667,0.5,0.14285714285714285,0.8571428571428571,0.0646870112226142,0.14285714285714285
67,sgd-linear,0.5293333333333334,0.741786866398639,0.29526569972841027,0.9057638795872786,0.24964712891333551,0.29526569972841027
68,dummy,0.2926666666666667,0.5,0.14285714285714285,0.8571428571428571,0.0646870112226142,0.14285714285714285
68,sgd-linear,0.5793333333333333,0.8449058922990629,0.35017581793962754,0.9159335913350795,0.3052532453341231,0.35017581793962754
69,dummy,0.2926666666666667,0.5,0.14285714285714285,0.8571428571428571,0.0646870112226142,0.14285714285714285
69,sgd-linear,0.604,0.8300549394322438,0.35702232300636894,0.9215580359654838,0.3370803718879879,0.35702232300636894
70,dummy,0.2926666666666667,0.5,0.14285714285714285,0.8571428571428571,0.0646870112226142,0.14285714285714285
70,sgd-linear,0.374,0.7100663559011401,0.27981889954105627,0.8745007912687504,0.23985729622675458,0.27981889954105627
71,dummy,0.2926666666666667,0.5,0.14285714285714285,0.8571428571428571,0.0646870112226142,0.14285714285714285
71,sgd-linear,0.4926666666666667,0.7691167373457888,0.3259606562753409,0.899810384767988,0.267957868108954,0.3259606562753409
72,dummy,0.2926666666666667,0.5,0.14285714285714285,0.8571428571428571,0.0646870112226142,0.14285714285714285
72,sgd-linear,0.5173333333333334,0.7045170662435347,0.256366507946575,0.9036011877418902,0.19898263743403172,0.256366507946575
73,dummy,0.2926666666666667,0.5,0.14285714285714285,0.8571428571428571,0.0646870112226142,0.14285714285714285
73,sgd-linear,0.36999999999999994,0.7709590254105121,0.2793407390027042,0.8748924088150742,0.2529887259562792,0.2793407390027042
74,dummy,0.2926666666666667,0.5,0.14285714285714285,0.8571428571428571,0.0646870112226142,0.14285714285714285
74,sgd-linear,0.5066666666666666,0.7576273721110109,0.2500137625947806,0.9009295547795734,0.18414649325683166,0.2500137625947806
75,dummy,0.2926666666666667,0.5,0.14285714285714285,0.8571428571428571,0.0646870112226142,0.14285714285714285
75,sgd-linear,0.49800000000000005,0.8193340805747772,0.25015164114782024,0.8994068684239733,0.19100068284139024,0.25015164114782024
76,dummy,0.2926666666666667,0.5,0.14285714285714285,0.8571428571428571,0.0646870112226142,0.14285714285714285
76,sgd-linear,0.5566666666666666,0.7774075157516945,0.2748641731242326,0.9110486247386623,0.20391092246786618,0.2748641731242326
77,dummy,0.2926666666666667,0.5,0.14285714285714285,0.8571428571428571,0.0646870112226142,0.14285714285714285
77,sgd-linear,0.5519999999999999,0.8086625063445935,0.27258753731134505,0.9102963265053559,0.21119120653049386,0.27258753731134505
78,dummy,0.2926666666666667,0.5,0.14285714285714285,0.8571428571428571,0.0646870112226142,0.14285714285714285
78,sgd-linear,0.496,0.7964909707585294,0.33513753670534896,0.9012617068745277,0.3097314241313745,0.33513753670534896
79,dummy,0.2926666666666667,0.5,0.14285714285714285,0.8571428571428571,0.0646870112226142,0.14285714285714285
79,sgd-linear,0.5513333333333333,0.7757445739516425,0.3491800399855645,0.910530195417994,0.2977743903727098,0.3491800399855645
80,dummy,0.2926666666666667,0.5,0.14285714285714285,0.8571428571428571,0.0646870112226142,0.14285714285714285
80,sgd-linear,0.43,0.7227676888208381,0.32826308338033067,0.8893423199422396,0.28901179310999164,0.32826308338033067
81,dummy,0.2926666666666667,0.5,0.14285714285714285,0.8571428571428571,0.0646870112226142,0.14285714285714285
81,sgd-linear,0.5166666666666666,0.7905602861402506,0.3811247737156481,0.9053816333195682,0.3518643907327149,0.3811247737156481
82,dummy,0.2926666666666667,0.5,0.14285714285714285,0.8571428571428571,0.0646870112226142,0.14285714285714285
82,sgd-linear,0.4793333333333333,0.7280090155655315,0.2364106205287393,0.8953863795354297,0.1733754000487473,0.2364106205287393
83,dummy,0.2926666666666667,0.5,0.14285714285714285,0.8571428571428571,0.0646870112226142,0.14285714285714285
83,sgd-linear,0.44666666666666666,0.6824602337355642,0.24151809759100074,0.889399220307394,0.21070126139254391,0.24151809759100074
84,dummy,0.2926666666666667,0.5,0.14285714285714285,0.8571428571428571,0.0646870112226142,0.14285714285714285
84,sgd-linear,0.44266666666666665,0.7996799415908361,0.274389257722481,0.8904468863077998,0.22323826972558636,0.274389257722481
85,dummy,0.2926666666666667,0.5,0.14285714285714285,0.8571428571428571,0.0646870112226142,0.14285714285714285
85,sgd-linear,0.518,0.7640994782911819,0.2559011696827159,0.9031175185494472,0.1876500584299839,0.2559011696827159
86,dummy,0.2926666666666667,0.5,0.14285714285714285,0.8571428571428571,0.0646870112226142,0.14285714285714285
86,sgd-linear,0.49733333333333335,0.7862576552823138,0.3463981495492416,0.8992881039945095,0.30004554280521806,0.3463981495492416
87,dummy,0.2926666666666667,0.5,0.14285714285714285,0.8571428571428571,0.0646870112226142,0.14285714285714285
87,sgd-linear,0.3773333333333334,0.6953171730750598,0.2380844576172186,0.8758764596370991,0.2024538128215095,0.2380844576172186
88,dummy,0.2926666666666667,0.5,0.14285714285714285,0.8571428571428571,0.0646870112226142,0.14285714285714285
88,sgd-linear,0.5586666666666666,0.8420123634933473,0.2758912298607567,0.9113875119039279,0.20300758704449035,0.2758912298607567
89,dummy,0.2926666666666667,0.5,0.14285714285714285,0.8571428571428571,0.0646870112226142,0.14285714285714285
89,sgd-linear,0.568,0.8215076047979011,0.28398626509151836,0.91331135054042,0.2219895701506856,0.28398626509151836
90,dummy,0.2926666666666667,0.5,0.14285714285714285,0.8571428571428571,0.0646870112226142,0.14285714285714285
90,sgd-linear,0.4913333333333334,0.7415400905350337,0.334718340875754,0.8993077926767837,0.27396181237479256,0.334718340875754
91,dummy,0.2926666666666667,0.5,0.14285714285714285,0.8571428571428571,0.0646870112226142,0.14285714285714285
91,sgd-linear,0.49333333333333335,0.7417144882508093,0.32656940752534885,0.8985923802909509,0.2838524008178862,0.32656940752534885
92,dummy,0.2926666666666667,0.5,0.14285714285714285,0.8571428571428571,0.0646870112226142,0.14285714285714285
92,sgd-linear,0.386,0.7773698882238137,0.2745566608651188,0.8821111658735784,0.2265339408675858,0.2745566608651188
93,dummy,0.2926666666666667,0.5,0.14285714285714285,0.8571428571428571,0.0646870112226142,0.14285714285714285
93,sgd-linear,0.5133333333333333,0.7767497987696048,0.2915658739754713,0.9047169223007068,0.24513699802581587,0.2915658739754713
94,dummy,0.2926666666666667,0.5,0.14285714285714285,0.8571428571428571,0.0646870112226142,0.14285714285714285
94,sgd-linear,0.476,0.7050893320255736,0.23462823534312757,0.8946213991445953,0.17126831248303742,0.23462823534312757
95,dummy,0.2926666666666667,0.5,0.14285714285714285,0.8571428571428571,0.0646870112226142,0.14285714285714285
95,sgd-linear,0.492,0.8114726742112127,0.39237840812902697,0.8992386098895395,0.3786287648292084,0.39237840812902697
96,dummy,0.2926666666666667,0.5,0.14285714285714285,0.8571428571428571,0.0646870112226142,0.14285714285714285
96,sgd-linear,0.5466666666666666,0.7459401347602723,0.29961751104020723,0.9108640750577506,0.26508651747043804,0.29961751104020723
97,dummy,0.2926666666666667,0.5,0.14285714285714285,0.8571428571428571,0.0646870112226142,0.14285714285714285
97,sgd-linear,0.5333333333333334,0.7661433416830279,0.33371938914322985,0.9069042092399663,0.28421301169634483,0.33371938914322985
98,dummy,0.2926666666666667,0.5,0.14285714285714285,0.8571428571428571,0.0646870112226142,0.14285714285714285
98,sgd-linear,0.5873333333333333,0.8265041654157752,0.32145853426992554,0.9184506037209358,0.28367710676571467,0.32145853426992554
99,dummy,0.2926666666666667,0.5,0.14285714285714285,0.8571428571428571,0.0646870112226142,0.14285714285714285
99,sgd-linear,0.42266666666666663,0.7290722685359134,0.29930500683177697,0.8865653166642554,0.2353150219968753,0.29930500683177697
100,dummy,0.2926666666666667,0.5,0.14285714285714285,0.8571428571428571,0.0646870112226142,0.14285714285714285
100,sgd-linear,0.5233333333333332,0.7615019809440648,0.25845664430385407,0.9042831263614103,0.19026184266406576,0.25845664430385407
101,dummy,0.2926666666666667,0.5,0.14285714285714285,0.8571428571428571,0.0646870112226142,0.14285714285714285
101,sgd-linear,0.5373333333333333,0.8172714927950173,0.30269994153526397,0.9092689237380076,0.26049547290194786,0.30269994153526397
102,dummy,0.2926666666666667,0.5,0.14285714285714285,0.8571428571428571,0.0646870112226142,0.14285714285714285
102,sgd-linear,0.49066666666666664,0.6327710240608942,0.24244175223490286,0.8978672932945828,0.18212337718001181,0.24244175223490286
103,dummy,0.2926666666666667,0.5,0.14285714285714285,0.8571428571428571,0.0646870112226142,0.14285714285714285
103,sgd-linear,0.438,0.7586484315908912,0.3011429713058489,0.8917925603934813,0.2803060804442996,0.3011429713058489
104,dummy,0.2926666666666667,0.5,0.14285714285714285,0.8571428571428571,0.0646870112226142,0.14285714285714285
104,sgd-linear,0.5,0.7649109267239302,0.3000219533577363,0.9032788570330231,0.2715419345479108,0.3000219533577363
105,dummy,0.2926666666666667,0.5,0.14285714285714285,0.8571428571428571,0.0646870112226142,0.14285714285714285
105,sgd-linear,0.32199999999999995,0.7241800636592629,0.2519123012622706,0.8656519695255371,0.16311977304986885,0.2519123012622706
106,dummy,0.2926666666666667,0.5,0.14285714285714285,0.8571428571428571,0.0646870112226142,0.14285714285714285
106,sgd-linear,0.5813333333333334,0.8540919210062992,0.34496178690669,0.9162188868139014,0.29889909820201466,0.34496178690669
107,dummy,0.2926666666666667,0.5,0.14285714285714285,0.8571428571428571,0.0646870112226142,0.14285714285714285
107,sgd-linear,0.4333333333333333,0.7754296110373974,0.27059399634072967,0.8906142718976511,0.23200332594933143,0.27059399634072967
108,dummy,0.2926666666666667,0.5,0.14285714285714285,0.8571428571428571,0.0646870112226142,0.14285714285714285
108,sgd-linear,0.5293333333333333,0.8192232598687971,0.26753236845578593,0.9056702957083811,0.20559782323159434,0.26753236845578593
109,dummy,0.2926666666666667,0.5,0.14285714285714285,0.8571428571428571,0.0646870112226142,0.14285714285714285
109,sgd-linear,0.4573333333333333,0.8069655477785818,0.2522047168360674,0.89121015261246,0.21075852427765365,0.2522047168360674
110,dummy,0.2926666666666667,0.5,0.14285714285714285,0.8571428571428571,0.0646870112226142,0.14285714285714285
110,sgd-linear,0.5266666666666667,0.7779729718339599,0.25994349361819524,0.9049526046085813,0.1918237254029021,0.25994349361819524
111,dummy,0.2926666666666667,0.5,0.14285714285714285,0.8571428571428571,0.0646870112226142,0.14285714285714285
111,sgd-linear,0.5026666666666666,0.777858177104441,0.3491587369764096,0.9009337063378725,0.3406290128825975,0.3491587369764096
112,dummy,0.2926666666666667,0.5,0.14285714285714285,0.8571428571428571,0.0646870112226142,0.14285714285714285
112,sgd-linear,0.6093333333333334,0.8323575481944594,0.39288913077857934,0.9251762520359513,0.36844679161387067,0.39288913077857934
113,dummy,0.2926666666666667,0.5,0.14285714285714285,0.8571428571428571,0.0646870112226142,0.14285714285714285
113,sgd-linear,0.454,0.7586562852902541,0.31945705536012675,0.8938064626916482,0.2913134189079796,0.31945705536012675
114,dummy,0.2926666666666667,0.5,0.14285714285714285,0.8571428571428571,0.0646870112226142,0.14285714285714285
114,sgd-linear,0.4133333333333334,0.7531528201619491,0.3411745199544897,0.8850858875761316,0.3105659568772989,0.3411745199544897
115,dummy,0.2926666666666667,0.5,0.14285714285714285,0.8571428571428571,0.0646870112226142,0.14285714285714285
115,sgd-linear,0.5846666666666667,0.8337984213605788,0.2971774423386341,0.9181866073221642,0.24605203181190557,0.2971774423386341
116,dummy,0.2926666666666667,0.5,0.14285714285714285,0.8571428571428571,0.0646870112226142,0.14285714285714285
116,sgd-linear,0.52,0.7858906911031507,0.2979273014539574,0.90382101525007,0.2538317144637533,0.2979273014539574
117,dummy,0.2926666666666667,0.5,0.14285714285714285,0.8571428571428571,0.0646870112226142,0.14285714285714285
117,sgd-linear,0.5200000000000001,0.8211333055264369,0.3407438513890904,0.9042285473364391,0.2863661265583465,0.3407438513890904
118,dummy,0.2926666666666667,0.5,0.14285714285714285,0.8571428571428571,0.0646870112226142,0.14285714285714285
118,sgd-linear,0.32333333333333336,0.7112343551001642,0.2570491820552673,0.8671116236731112,0.22442384166096901,0.2570491820552673
119,dummy,0.2926666666666667,0.5,0.14285714285714285,0.8571428571428571,0.0646870112226142,0.14285714285714285
119,sgd-linear,0.356,0.7774965930591663,0.3172708265122952,0.8748668294104777,0.27513962206001374,0.3172708265122952
120,dummy,0.2926666666666667,0.5,0.14285714285714285,0.8571428571428571,0.0646870112226142,0.14285714285714285
120,sgd-linear,0.5313333333333333,0.5766654929220287,0.26251158012231646,0.9060008587872218,0.1954556987384742,0.26251158012231646
121,dummy,0.2926666666666667,0.5,0.14285714285714285,0.8571428571428571,0.0646870112226142,0.14285714285714285
121,sgd-linear,0.5613333333333334,0.8290918076212137,0.279976265877289,0.9134311104717563,0.22233535994011677,0.279976265877289
122,dummy,0.2926666666666667,0.5,0.14285714285714285,0.8571428571428571,0.0646870112226142,0.14285714285714285
122,sgd-linear,0.48666666666666664,0.834685892653318,0.3749881376963315,0.9010561245455,0.31818834963277254,0.3749881376963315
123,dummy,0.2926666666666667,0.5,0.14285714285714285,0.8571428571428571,0.0646870112226142,0.14285714285714285
123,sgd-linear,0.49333333333333335,0.8328579062648946,0.32376836078907434,0.9024502396785137,0.30585085831627884,0.32376836078907434
124,dummy,0.2926666666666667,0.5,0.14285714285714285,0.8571428571428571,0.0646870112226142,0.14285714285714285
124,sgd-linear,0.45999999999999996,0.7186740725890179,0.2914557932797622,0.8917309508964258,0.25500871220473204,0.2914557932797622
125,dummy,0.2926666666666667,0.5,0.14285714285714285,0.8571428571428571,0.0646870112226142,0.14285714285714285
125,sgd-linear,0.39666666666666667,0.698686132116905,0.22798074460903642,0.8816802452452416,0.19840403087469902,0.22798074460903642
126,dummy,0.2926666666666667,0.5,0.14285714285714285,0.8571428571428571,0.0646870112226142,0.14285714285714285
126,sgd-linear,0.544,0.6583149136403252,0.26850195906896696,0.9082321399592631,0.19780948309905583,0.26850195906896696
127,dummy,0.2926666666666667,0.5,0.14285714285714285,0.8571428571428571,0.0646870112226142,0.14285714285714285
127,sgd-linear,0.42400000000000004,0.748693619022877,0.307173755235126,0.8849103715574536,0.26016424697699564,0.307173755235126
128,dummy,0.2926666666666667,0.5,0.14285714285714285,0.8571428571428571,0.0646870112226142,0.14285714285714285
128,sgd-linear,0.5353333333333333,0.8116484026721194,0.2642359631028908,0.9065253502619388,0.19410593870036658,0.2642359631028908
129,dummy,0.2926666666666667,0.5,0.14285714285714285,0.8571428571428571,0.0646870112226142,0.14285714285714285
129,sgd-linear,0.43266666666666664,0.7979261051158341,0.3157667655989697,0.8915692656057393,0.24779731153917717,0.3157667655989697
130,dummy,0.2926666666666667,0.5,0.14285714285714285,0.8571428571428571,0.0646870112226142,0.14285714285714285
130,sgd-linear,0.5433333333333333,0.7506016669199728,0.26819673659359494,0.9081250025939613,0.19708082744482752,0.26819673659359494
131,dummy,0.2926666666666667,0.5,0.14285714285714285,0.8571428571428571,0.0646870112226142,0.14285714285714285
131,sgd-linear,0.542,0.8659922259998349,0.33296442023627265,0.9107522290804398,0.2726206218131536,0.33296442023627265
132,dummy,0.2926666666666667,0.5,0.14285714285714285,0.8571428571428571,0.0646870112226142,0.14285714285714285
132,sgd-linear,0.546,0.6618283459964112,0.26966207770561745,0.9090551221660867,0.2065398195650216,0.26966207770561745
133,dummy,0.2926666666666667,0.5,0.14285714285714285,0.8571428571428571,0.0646870112226142,0.14285714285714285
133,sgd-linear,0.4720000000000001,0.7762464920333938,0.23278660126294448,0.8938020765789775,0.17035319554248568,0.23278660126294448
134,dummy,0.2926666666666667,0.5,0.14285714285714285,0.8571428571428571,0.0646870112226142,0.14285714285714285
134,sgd-linear,0.5853333333333334,0.8468963300540585,0.30345583848853613,0.9174612338282306,0.26145989513308,0.30345583848853613
135,dummy,0.2926666666666667,0.5,0.14285714285714285,0.8571428571428571,0.0646870112226142,0.14285714285714285
135,sgd-linear,0.5593333333333332,0.7245705224195562,0.27612476819845094,0.9115814281664887,0.20490644607235894,0.27612476819845094
136,dummy,0.2926666666666667,0.5,0.14285714285714285,0.8571428571428571,0.0646870112226142,0.14285714285714285
136,sgd-linear,0.5933333333333334,0.8759442075361257,0.30490611045107163,0.9186299303893157,0.25750575424036354,0.30490611045107163
137,dummy,0.2926666666666667,0.5,0.14285714285714285,0.8571428571428571,0.0646870112226142,0.14285714285714285
137,sgd-linear,0.4066666666666666,0.8280257579082168,0.313804973232404,0.885511530268013,0.27088208162938504,0.313804973232404
138,dummy,0.2926666666666667,0.5,0.14285714285714285,0.8571428571428571,0.0646870112226142,0.14285714285714285
138,sgd-linear,0.40266666666666673,0.659135268252483,0.2018761542876757,0.8800583356388352,0.15371954997949425,0.2018761542876757
139,dummy,0.2926666666666667,0.5,0.14285714285714285,0.8571428571428571,0.0646870112226142,0.14285714285714285
139,sgd-linear,0.40933333333333327,0.7052457600476199,0.292941451810974,0.881892859372736,0.2802645153912093,0.292941451810974
140,dummy,0.2926666666666667,0.5,0.14285714285714285,0.8571428571428571,0.0646870112226142,0.14285714285714285
140,sgd-linear,0.5833333333333334,0.8084853542626378,0.29720037881434525,0.9179057510101458,0.2487631581677019,0.29720037881434525
141,dummy,0.2926666666666667,0.5,0.14285714285714285,0.8571428571428571,0.0646870112226142,0.14285714285714285
141,sgd-linear,0.45533333333333337,0.8441680994890015,0.3176872749245503,0.8935578407981396,0.24653535736794469,0.3176872749245503
142,dummy,0.2926666666666667,0.5,0.14285714285714285,0.8571428571428571,0.0646870112226142,0.14285714285714285
142,sgd-linear,0.5266666666666666,0.8273601628556226,0.27882068264546583,0.9069482266326778,0.2411258420465745,0.27882068264546583
143,dummy,0.2926666666666667,0.5,0.14285714285714285,0.8571428571428571,0.0646870112226142,0.14285714285714285
143,sgd-linear,0.538,0.8107540915792972,0.2982142063794972,0.9087414161922258,0.24846408995097802,0.2982142063794972
144,dummy,0.2926666666666667,0.5,0.14285714285714285,0.8571428571428571,0.0646870112226142,0.14285714285714285
144,sgd-linear,0.4653333333333333,0.7025793156044629,0.22951648662672772,0.8924425397701488,0.16821573570251475,0.22951648662672772
145,dummy,0.2926666666666667,0.5,0.14285714285714285,0.8571428571428571,0.0646870112226142,0.14285714285714285
145,sgd-linear,0.492,0.6175528261729513,0.2670664621964708,0.8997844743755357,0.23619037409748156,0.2670664621964708
146,dummy,0.2926666666666667,0.5,0.14285714285714285,0.8571428571428571,0.0646870112226142,0.14285714285714285
146,sgd-linear,0.5373333333333333,0.7968100411115475,0.2652285556637177,0.9070579422122907,0.1948677414940348,0.2652285556637177
147,dummy,0.2926666666666667,0.5,0.14285714285714285,0.8571428571428571,0.0646870112226142,0.14285714285714285
147,sgd-linear,0.5246666666666667,0.8281223458712168,0.3468836634797293,0.904605574285727,0.2987458341830223,0.3468836634797293
148,dummy,0.2926666666666667,0.5,0.14285714285714285,0.8571428571428571,0.0646870112226142,0.14285714285714285
148,sgd-linear,0.5473333333333333,0.7566914210147877,0.3594993563025074,0.9094894807508205,0.3080812938675555,0.3594993563025074
149,dummy,0.2926666666666667,0.5,0.14285714285714285,0.8571428571428571,0.0646870112226142,0.14285714285714285
149,sgd-linear,0.30666666666666664,0.6507523088079588,0.22030896841943043,0.8628448188503903,0.17233655923318308,0.22030896841943043
150,dummy,0.2926666666666667,0.5,0.14285714285714285,0.8571428571428571,0.0646870112226142,0.14285714285714285
150,sgd-linear,0.6013333333333334,0.8643140263538971,0.3633703468410766,0.9209588391468098,0.31638019271314877,0.3633703468410766
151,dummy,0.2926666666666667,0.5,0.14285714285714285,0.8571428571428571,0.0646870112226142,0.14285714285714285
151,sgd-linear,0.4733333333333333,0.5887310481325134,0.23376515248513932,0.8943512818190433,0.17488678998387397,0.23376515248513932
152,dummy,0.2926666666666667,0.5,0.14285714285714285,0.8571428571428571,0.0646870112226142,0.14285714285714285
152,sgd-linear,0.44000000000000006,0.7640564675811752,0.2508890086156516,0.893117244752722,0.19601492467169448,0.2508890086156516
153,dummy,0.2926666666666667,0.5,0.14285714285714285,0.8571428571428571,0.0646870112226142,0.14285714285714285
153,sgd-linear,0.5386666666666666,0.8321682789252778,0.2910498185069602,0.9087187796713627,0.2579772835294684,0.2910498185069602
154,dummy,0.2926666666666667,0.5,0.14285714285714285,0.8571428571428571,0.0646870112226142,0.14285714285714285
154,sgd-linear,0.6066666666666667,0.8440008202042529,0.40732314219945714,0.921483752474573,0.3750517016472224,0.40732314219945714
155,dummy,0.2926666666666667,0.5,0.14285714285714285,0.8571428571428571,0.0646870112226142,0.14285714285714285
155,sgd-linear,0.5433333333333333,0.7512805317289538,0.2682002918540019,0.9082922043750985,0.19740132970513705,0.2682002918540019
156,dummy,0.2926666666666667,0.5,0.14285714285714285,0.8571428571428571,0.0646870112226142,0.14285714285714285
156,sgd-linear,0.39,0.743810284689971,0.2728677177658262,0.8808556226953757,0.20923254543676295,0.2728677177658262
157,dummy,0.2926666666666667,0.5,0.14285714285714285,0.8571428571428571,0.0646870112226142,0.14285714285714285
157,sgd-linear,0.4666666666666666,0.7496911501204915,0.26450572066538564,0.89579750887013,0.22664151628396204,0.26450572066538564
158,dummy,0.2926666666666667,0.5,0.14285714285714285,0.8571428571428571,0.0646870112226142,0.14285714285714285
158,sgd-linear,0.47133333333333327,0.7726302321124957,0.35318489355354304,0.8969888111190958,0.3335017545616605,0.35318489355354304
159,dummy,0.2926666666666667,0.5,0.14285714285714285,0.8571428571428571,0.0646870112226142,0.14285714285714285
159,sgd-linear,0.5753333333333334,0.7876412096227225,0.34715475123489653,0.9156426729991104,0.29436285030857345,0.34715475123489653
160,dummy,0.2926666666666667,0.5,0.14285714285714285,0.8571428571428571,0.0646870112226142,0.14285714285714285
160,sgd-linear,0.504,0.769668361420963,0.37238947658682947,0.9041910565102802,0.34958348660115607,0.37238947658682947
161,dummy,0.2926666666666667,0.5,0.14285714285714285,0.8571428571428571,0.0646870112226142,0.14285714285714285
161,sgd-linear,0.42800000000000005,0.7390557888494336,0.21103983607002616,0.8850248155710283,0.15427116371521868,0.21103983607002616
162,dummy,0.2926666666666667,0.5,0.14285714285714285,0.8571428571428571,0.0646870112226142,0.14285714285714285
162,sgd-linear,0.5426666666666666,0.7683934809271699,0.2678450578306703,0.9080977139411563,0.19646891141679917,0.2678450578306703
163,dummy,0.2926666666666667,0.5,0.14285714285714285,0.8571428571428571,0.0646870112226142,0.14285714285714285
163,sgd-linear,0.4533333333333333,0.8012075980295423,0.2691094743163237,0.8910936966637925,0.22441143800732216,0.2691094743163237
164,dummy,0.2926666666666667,0.5,0.14285714285714285,0.8571428571428571,0.0646870112226142,0.14285714285714285
164,sgd-linear,0.534,0.6847260194451531,0.26381010478114114,0.9066235694332049,0.20063315142882826,0.26381010478114114
165,dummy,0.2926666666666667,0.5,0.14285714285714285,0.8571428571428571,0.0646870112226142,0.14285714285714285
165,sgd-linear,0.45666666666666667,0.8333343821612885,0.3461941488489588,0.8962106524077441,0.2873731513628722,0.3461941488489588
166,dummy,0.2926666666666667,0.5,0.14285714285714285,0.8571428571428571,0.0646870112226142,0.14285714285714285
166,sgd-linear,0.47333333333333333,0.7813598539092504,0.31756708608937484,0.895468430040306,0.26569644685761135,0.31756708608937484
167,dummy,0.2926666666666667,0.5,0.14285714285714285,0.8571428571428571,0.0646870112226142,0.14285714285714285
167,sgd-linear,0.5586666666666666,0.832010100666799,0.2758835924834321,0.9115101554445246,0.20680869302941324,0.2758835924834321
168,dummy,0.2926666666666667,0.5,0.14285714285714285,0.8571428571428571,0.0646870112226142,0.14285714285714285
168,sgd-linear,0.45,0.7739385760312227,0.2989027052584296,0.8892797858616888,0.26703226750158815,0.2989027052584296
169,dummy,0.2926666666666667,0.5,0.14285714285714285,0.8571428571428571,0.0646870112226142,0.14285714285714285
169,sgd-linear,0.4206666666666667,0.7677869073902828,0.3102306481503365,0.8863579342354297,0.2794184421485204,0.3102306481503365
170,dummy,0.2926666666666667,0.5,0.14285714285714285,0.8571428571428571,0.0646870112226142,0.14285714285714285
170,sgd-linear,0.5519999999999999,0.7674871344729433,0.3575286858054441,0.9110603290274598,0.30030082746947606,0.3575286858054441
171,dummy,0.2926666666666667,0.5,0.14285714285714285,0.8571428571428571,0.0646870112226142,0.14285714285714285
171,sgd-linear,0.44733333333333336,0.715141120694019,0.31204483426380686,0.8908731360287458,0.24726174716984092,0.31204483426380686
172,dummy,0.2926666666666667,0.5,0.14285714285714285,0.8571428571428571,0.0646870112226142,0.14285714285714285
172,sgd-linear,0.496,0.7722643807793752,0.3477147571623726,0.9018282295519882,0.3126598751920512,0.3477147571623726
173,dummy,0.2926666666666667,0.5,0.14285714285714285,0.8571428571428571,0.0646870112226142,0.14285714285714285
173,sgd-linear,0.5366666666666667,0.8211068589371509,0.35392402170948334,0.9075430460538415,0.3251219523434537,0.35392402170948334
174,dummy,0.2926666666666667,0.5,0.14285714285714285,0.8571428571428571,0.0646870112226142,0.14285714285714285
174,sgd-linear,0.5566666666666668,0.8148193366447393,0.311226275456254,0.9127372770099695,0.2695311121346907,0.311226275456254
175,dummy,0.2926666666666667,0.5,0.14285714285714285,0.8571428571428571,0.0646870112226142,0.14285714285714285
175,sgd-linear,0.33399999999999996,0.6410603312734651,0.28151104468907195,0.8675678377743943,0.25921003925085795,0.28151104468907195
176,dummy,0.2926666666666667,0.5,0.14285714285714285,0.8571428571428571,0.0646870112226142,0.14285714285714285
176,sgd-linear,0.5900000000000001,0.8058997925548763,0.34015253864175976,0.9182312353351971,0.2888534313199118,0.34015253864175976
177,dummy,0.2926666666666667,0.5,0.14285714285714285,0.8571428571428571,0.0646870112226142,0.14285714285714285
177,sgd-linear,0.4106666666666666,0.686125275186404,0.2991023032818872,0.8831540026541964,0.23978157109657577,0.2991023032818872
178,dummy,0.2926666666666667,0.5,0.14285714285714285,0.8571428571428571,0.0646870112226142,0.14285714285714285
178,sgd-linear,0.5193333333333332,0.8263708843425919,0.3429243046915455,0.9065428536406955,0.32075152804458956,0.3429243046915455
179,dummy,0.2926666666666667,0.5,0.14285714285714285,0.8571428571428571,0.0646870112226142,0.14285714285714285
179,sgd-linear,0.556,0.783959090807895,0.30544102833921616,0.9110937730583331,0.2578221551117847,0.30544102833921616
180,dummy,0.2926666666666667,0.5,0.14285714285714285,0.8571428571428571,0.0646870112226142,0.14285714285714285
180,sgd-linear,0.5066666666666666,0.7866867876139059,0.3480756796095206,0.9021443153926473,0.2906361108824683,0.3480756796095206
181,dummy,0.2926666666666667,0.5,0.14285714285714285,0.8571428571428571,0.0646870112226142,0.14285714285714285
181,sgd-linear,0.556,0.8455168601015204,0.2915907235572389,0.9120761847490189,0.2496858533369685,0.2915907235572389
182,dummy,0.2926666666666667,0.5,0.14285714285714285,0.8571428571428571,0.0646870112226142,0.14285714285714285
182,sgd-linear,0.5886666666666668,0.8189033039828383,0.3648184669605491,0.9179072002543232,0.31209183090849474,0.3648184669605491
183,dummy,0.2926666666666667,0.5,0.14285714285714285,0.8571428571428571,0.0646870112226142,0.14285714285714285
183,sgd-linear,0.45,0.7681255594013899,0.28765032104552835,0.8921973920592305,0.23062803333253473,0.28765032104552835
184,dummy,0.2926666666666667,0.5,0.14285714285714285,0.8571428571428571,0.0646870112226142,0.14285714285714285
184,sgd-linear,0.534,0.8257890731134191,0.29447575299827516,0.9086174358855683,0.2566847519407003,0.29447575299827516
185,dummy,0.2926666666666667,0.5,0.14285714285714285,0.8571428571428571,0.0646870112226142,0.14285714285714285
185,sgd-linear,0.446,0.7598566994442604,0.24604642801012538,0.8923141862807922,0.21321777493785338,0.24604642801012538
186,dummy,0.2926666666666667,0.5,0.14285714285714285,0.8571428571428571,0.0646870112226142,0.14285714285714285
186,sgd-linear,0.5466666666666666,0.7622121646641573,0.26979257985909244,0.9087932507017763,0.19824785379835946,0.26979257985909244
187,dummy,0.2926666666666667,0.5,0.14285714285714285,0.8571428571428571,0.0646870112226142,0.14285714285714285
187,sgd-linear,0.45933333333333337,0.5442775742094803,0.2270558717034966,0.8916399877065275,0.17260673152546263,0.2270558717034966
188,dummy,0.2926666666666667,0.5,0.14285714285714285,0.8571428571428571,0.0646870112226142,0.14285714285714285
188,sgd-linear,0.418,0.644504683693224,0.20635135427649226,0.8830835634192574,0.15169512649883224,0.20635135427649226
189,dummy,0.2926666666666667,0.5,0.14285714285714285,0.8571428571428571,0.0646870112226142,0.14285714285714285
189,sgd-linear,0.5446666666666667,0.7719916305203656,0.2690599748645809,0.908747214401741,0.205012695720161,0.2690599748645809
190,dummy,0.2926666666666667,0.5,0.14285714285714285,0.8571428571428571,0.0646870112226142,0.14285714285714285
190,sgd-linear,0.45133333333333325,0.7825886648788771,0.2896993983206218,0.8948689373549328,0.2607501497182806,0.2896993983206218
191,dummy,0.2926666666666667,0.5,0.14285714285714285,0.8571428571428571,0.0646870112226142,0.14285714285714285
191,sgd-linear,0.3353333333333333,0.7755553427600855,0.2697220355779474,0.8692129686608423,0.1988627036605432,0.2697220355779474
192,dummy,0.2926666666666667,0.5,0.14285714285714285,0.8571428571428571,0.0646870112226142,0.14285714285714285
192,sgd-linear,0.55,0.8403061518969579,0.2714888832255217,0.9095192322150366,0.19904088164795714,0.2714888832255217
193,dummy,0.2926666666666667,0.5,0.14285714285714285,0.8571428571428571,0.0646870112226142,0.14285714285714285
193,sgd-linear,0.5573333333333335,0.8397284142543493,0.2751280036692084,0.9112525469469335,0.20713778140995434,0.2751280036692084
194,dummy,0.2926666666666667,0.5,0.14285714285714285,0.8571428571428571,0.0646870112226142,0.14285714285714285
194,sgd-linear,0.4046666666666667,0.8146605913107177,0.25855746707810484,0.8836481431749137,0.2049241426481006,0.25855746707810484
195,dummy,0.2926666666666667,0.5,0.14285714285714285,0.8571428571428571,0.0646870112226142,0.14285714285714285
195,sgd-linear,0.44066666666666665,0.7791864672422625,0.28820391963330927,0.8911218160512521,0.26774793114542533,0.28820391963330927
196,dummy,0.2926666666666667,0.5,0.14285714285714285,0.8571428571428571,0.0646870112226142,0.14285714285714285
196,sgd-linear,0.48,0.7992663699544036,0.30883584680538856,0.895700922097603,0.2823864903196252,0.30883584680538856
197,dummy,0.2926666666666667,0.5,0.14285714285714285,0.8571428571428571,0.0646870112226142,0.14285714285714285
197,sgd-linear,0.49400000000000005,0.8320525830252719,0.32233229869046853,0.8994110661757361,0.26622820359501315,0.32233229869046853
198,dummy,0.2926666666666667,0.5,0.14285714285714285,0.8571428571428571,0.0646870112226142,0.14285714285714285
198,sgd-linear,0.47133333333333327,0.8290301508932808,0.3094390118967718,0.8967609528687033,0.3039235111696331,0.3094390118967718
199,dummy,0.2926666666666667,0.5,0.14285714285714285,0.8571428571428571,0.0646870112226142,0.14285714285714285
199,sgd-linear,0.352,0.7846820713211702,0.2622305256649752,0.8726441239236372,0.21420088161173254,0.2622305256649752
200,dummy,0.2926666666666667,0.5,0.14285714285714285,0.8571428571428571,0.0646870112226142,0.14285714285714285
200,sgd-linear,0.384,0.7105529409613422,0.22537118864715006,0.8769248040583705,0.18947135574824736,0.22537118864715006
201,dummy,0.2926666666666667,0.5,0.14285714285714285,0.8571428571428571,0.0646870112226142,0.14285714285714285
201,sgd-linear,0.46066666666666667,0.7603784233834875,0.26381129429244904,0.8960506649422969,0.20813579975505409,0.26381129429244904
202,dummy,0.2926666666666667,0.5,0.14285714285714285,0.8571428571428571,0.0646870112226142,0.14285714285714285
202,sgd-linear,0.512,0.792994697602231,0.32824995340028323,0.902677354513157,0.27571385205326526,0.32824995340028323
203,dummy,0.2926666666666667,0.5,0.14285714285714285,0.8571428571428571,0.0646870112226142,0.14285714285714285
203,sgd-linear,0.5766666666666667,0.7495052276260447,0.31554178518654247,0.9161046321217212,0.27908550097192686,0.31554178518654247
204,dummy,0.2926666666666667,0.5,0.14285714285714285,0.8571428571428571,0.0646870112226142,0.14285714285714285
204,sgd-linear,0.454,0.7448496011784822,0.22401245750177307,0.8901111001819787,0.1651063455579714,0.22401245750177307
205,dummy,0.2926666666666667,0.5,0.14285714285714285,0.8571428571428571,0.0646870112226142,0.14285714285714285
205,sgd-linear,0.5346666666666666,0.7848063145222104,0.26385408504730173,0.9066490069636377,0.19684082203169612,0.26385408504730173
206,dummy,0.2926666666666667,0.5,0.14285714285714285,0.8571428571428571,0.0646870112226142,0.14285714285714285
206,sgd-linear,0.5566666666666666,0.7486856198136755,0.2748523607153731,0.9112189607540356,0.2121369938759591,0.2748523607153731
207,dummy,0.2926666666666667,0.5,0.14285714285714285,0.8571428571428571,0.0646870112226142,0.14285714285714285
207,sgd-linear,0.5673333333333332,0.8249083447984317,0.3684423644503365,0.9137668611239143,0.3108825112435379,0.3684423644503365
208,dummy,0.2926666666666667,0.5,0.14285714285714285,0.8571428571428571,0.0646870112226142,0.14285714285714285
208,sgd-linear,0.4733333333333333,0.7365637009575703,0.32156128780884663,0.8968730509878228,0.2529483923242916,0.32156128780884663
209,dummy,0.2926666666666667,0.5,0.14285714285714285,0.8571428571428571,0.0646870112226142,0.14285714285714285
209,sgd-linear,0.48533333333333334,0.7196347349403498,0.30513391017995006,0.8970610043882484,0.26705471801179204,0.30513391017995006
210,dummy,0.2926666666666667,0.5,0.14285714285714285,0.8571428571428571,0.0646870112226142,0.14285714285714285
210,sgd-linear,0.5453333333333333,0.808828193077163,0.272624636951852,0.9091257929846579,0.2138816109557348,0.272624636951852
211,dummy,0.2926666666666667,0.5,0.14285714285714285,0.8571428571428571,0.0646870112226142,0.14285714285714285
211,sgd-linear,0.42399999999999993,0.8009197842946112,0.32369999059891086,0.8896344398143802,0.27700067110927823,0.32369999059891086
212,dummy,0.2926666666666667,0.5,0.14285714285714285,0.8571428571428571,0.0646870112226142,0.14285714285714285
212,sgd-linear,0.608,0.8451215955121072,0.38608889641735533,0.9221446267949753,0.33495407961078394,0.38608889641735533
213,dummy,0.2926666666666667,0.5,0.14285714285714285,0.8571428571428571,0.0646870112226142,0.14285714285714285
213,sgd-linear,0.5566666666666668,0.8003145404851006,0.2750598474388201,0.9111590923954953,0.20801148520795035,0.2750598474388201
214,dummy,0.2926666666666667,0.5,0.14285714285714285,0.8571428571428571,0.0646870112226142,0.14285714285714285
214,sgd-linear,0.46399999999999997,0.7620158694595445,0.2586498514639738,0.8943012328273353,0.2306647949336988,0.2586498514639738
215,dummy,0.2926666666666667,0.5,0.14285714285714285,0.8571428571428571,0.0646870112226142,0.14285714285714285
215,sgd-linear,0.5660000000000001,0.6315823233644872,0.27941673819050106,0.9127782503451746,0.20491002473448358,0.27941673819050106
216,dummy,0.2926666666666667,0.5,0.14285714285714285,0.8571428571428571,0.0646870112226142,0.14285714285714285
216,sgd-linear,0.426,0.7864444003775987,0.28872099680434976,0.8868550426746653,0.23322490776727212,0.28872099680434976
217,dummy,0.2926666666666667,0.5,0.14285714285714285,0.8571428571428571,0.0646870112226142,0.14285714285714285
217,sgd-linear,0.5593333333333333,0.835686250417133,0.2793548443193287,0.9119889538964807,0.21835500464734842,0.2793548443193287
218,dummy,0.2926666666666667,0.5,0.14285714285714285,0.8571428571428571,0.0646870112226142,0.14285714285714285
218,sgd-linear,0.5273333333333333,0.7800904965970261,0.29338416074579154,0.9076441284030494,0.2520685673244259,0.29338416074579154
219,dummy,0.2926666666666667,0.5,0.14285714285714285,0.8571428571428571,0.0646870112226142,0.14285714285714285
219,sgd-linear,0.40800000000000003,0.7829059261759815,0.32253939946089033,0.8848528250315919,0.2908516110144375,0.32253939946089033
220,dummy,0.2926666666666667,0.5,0.14285714285714285,0.8571428571428571,0.0646870112226142,0.14285714285714285
220,sgd-linear,0.5073333333333333,0.7651101459496192,0.37885987680392336,0.9045841940275237,0.33803022493811496,0.37885987680392336
221,dummy,0.2926666666666667,0.5,0.14285714285714285,0.8571428571428571,0.0646870112226142,0.14285714285714285
221,sgd-linear,0.40199999999999997,0.7555888608023368,0.2908359899444136,0.8811992635345257,0.23206161403578518,0.2908359899444136
222,dummy,0.2926666666666667,0.5,0.14285714285714285,0.8571428571428571,0.0646870112226142,0.14285714285714285
222,sgd-linear,0.4173333333333333,0.6793881970539579,0.20595916371943543,0.8826854853619676,0.15331790177432233,0.20595916371943543
223,dummy,0.2926666666666667,0.5,0.14285714285714285,0.8571428571428571,0.0646870112226142,0.14285714285714285
223,sgd-linear,0.49866666666666665,0.777375629500363,0.3174898542343233,0.8999978520474039,0.2715940331525205,0.3174898542343233
224,dummy,0.2926666666666667,0.5,0.14285714285714285,0.8571428571428571,0.0646870112226142,0.14285714285714285
224,sgd-linear,0.568,0.8215448084876227,0.2831485973638409,0.9136562603728878,0.21905965725172324,0.2831485973638409
225,dummy,0.2926666666666667,0.5,0.14285714285714285,0.8571428571428571,0.0646870112226142,0.14285714285714285
225,sgd-linear,0.53,0.807390966847611,0.3824221565116866,0.9084436886092553,0.3542632018241145,0.3824221565116866
226,dummy,0.2926666666666667,0.5,0.14285714285714285,0.8571428571428571,0.0646870112226142,0.14285714285714285
226,sgd-linear,0.5273333333333333,0.7487968775630666,0.26039662186956875,0.9051451326393787,0.19298033735575518,0.26039662186956875
227,dummy,0.2926666666666667,0.5,0.14285714285714285,0.8571428571428571,0.0646870112226142,0.14285714285714285
227,sgd-linear,0.538,0.7632211831377793,0.30517571313079295,0.9079283169350928,0.26030180761194666,0.30517571313079295
228,dummy,0.2926666666666667,0.5,0.14285714285714285,0.8571428571428571,0.0646870112226142,0.14285714285714285
228,sgd-linear,0.47400000000000003,0.7993359071425448,0.28203837719051944,0.8961617261424625,0.23187560875395072,0.28203837719051944
229,dummy,0.2926666666666667,0.5,0.14285714285714285,0.8571428571428571,0.0646870112226142,0.14285714285714285
229,sgd-linear,0.5493333333333335,0.6541914687151811,0.27117140214691987,0.9095202218052979,0.19988887000076755,0.27117140214691987
230,dummy,0.2926666666666667,0.5,0.14285714285714285,0.8571428571428571,0.0646870112226142,0.14285714285714285
230,sgd-linear,0.5599999999999999,0.8413868431884121,0.27652166064355316,0.9117589295799622,0.2064214503595921,0.27652166064355316
231,dummy,0.2926666666666667,0.5,0.14285714285714285,0.8571428571428571,0.0646870112226142,0.14285714285714285
231,sgd-linear,0.55,0.7796382320713853,0.2716251440431826,0.9095670301397591,0.19910414359508186,0.2716251440431826
232,dummy,0.2926666666666667,0.5,0.14285714285714285,0.8571428571428571,0.0646870112226142,0.14285714285714285
232,sgd-linear,0.5533333333333333,0.7959123407589574,0.3314641032535869,0.910769292966941,0.28394128328142104,0.3314641032535869
233,dummy,0.2926666666666667,0.5,0.14285714285714285,0.8571428571428571,0.0646870112226142,0.14285714285714285
233,sgd-linear,0.46866666666666673,0.8413299337747114,0.3507495103496404,0.8978492499182048,0.30252176230226596,0.3507495103496404
234,dummy,0.2926666666666667,0.5,0.14285714285714285,0.8571428571428571,0.0646870112226142,0.14285714285714285
234,sgd-linear,0.5766666666666667,0.8047115960120083,0.3614278733777295,0.9158291193690518,0.3043617743109871,0.3614278733777295
235,dummy,0.2926666666666667,0.5,0.14285714285714285,0.8571428571428571,0.0646870112226142,0.14285714285714285
235,sgd-linear,0.4913333333333333,0.7891950540076562,0.3360522480800001,0.9010676984372971,0.2927810984924105,0.3360522480800001
236,dummy,0.2926666666666667,0.5,0.14285714285714285,0.8571428571428571,0.0646870112226142,0.14285714285714285
236,sgd-linear,0.45066666666666666,0.7720864415613095,0.31417579561289166,0.8896175043192505,0.27425978477439694,0.31417579561289166
237,dummy,0.2926666666666667,0.5,0.14285714285714285,0.8571428571428571,0.0646870112226142,0.14285714285714285
237,sgd-linear,0.5446666666666667,0.8573836899319864,0.3529212582313672,0.9089551514250805,0.3020416468327233,0.3529212582313672
238,dummy,0.2926666666666667,0.5,0.14285714285714285,0.8571428571428571,0.0646870112226142,0.14285714285714285
238,sgd-linear,0.5926666666666667,0.8717546258857342,0.3185473187598288,0.9190505585160622,0.28252949238534397,0.3185473187598288
239,dummy,0.2926666666666667,0.5,0.14285714285714285,0.8571428571428571,0.0646870112226142,0.14285714285714285
239,sgd-linear,0.4873333333333333,0.7667704661839292,0.336928267332482,0.898278841137647,0.2843341306377659,0.336928267332482
240,dummy,0.2926666666666667,0.5,0.14285714285714285,0.8571428571428571,0.0646870112226142,0.14285714285714285
240,sgd-linear,0.5813333333333334,0.8045425304277833,0.3230784818119126,0.9174671625215719,0.28194904599879145,0.3230784818119126
241,dummy,0.2926666666666667,0.5,0.14285714285714285,0.8571428571428571,0.0646870112226142,0.14285714285714285
241,sgd-linear,0.5866666666666667,0.8483080657470395,0.299167900324509,0.9182642791418058,0.2489033263811109,0.299167900324509
242,dummy,0.2926666666666667,0.5,0.14285714285714285,0.8571428571428571,0.0646870112226142,0.14285714285714285
242,sgd-linear,0.5120000000000001,0.7726972480927369,0.2527852688060717,0.9018857458194838,0.18533926224347225,0.2527852688060717
243,dummy,0.2926666666666667,0.5,0.14285714285714285,0.8571428571428571,0.0646870112226142,0.14285714285714285
243,sgd-linear,0.5226666666666666,0.7556459364322252,0.25799162298148104,0.9042482980374569,0.19310361975744997,0.25799162298148104
244,dummy,0.2926666666666667,0.5,0.14285714285714285,0.8571428571428571,0.0646870112226142,0.14285714285714285
244,sgd-linear,0.55,0.8307579136029828,0.27147689417678567,0.9096631413572508,0.20045509404522538,0.27147689417678567
245,dummy,0.2926666666666667,0.5,0.14285714285714285,0.8571428571428571,0.0646870112226142,0.14285714285714285
245,sgd-linear,0.5519999999999999,0.7547991657044708,0.272511944633507,0.9098940308352749,0.2000498514188272,0.272511944633507
246,dummy,0.2926666666666667,0.5,0.14285714285714285,0.8571428571428571,0.0646870112226142,0.14285714285714285
246,sgd-linear,0.5313333333333333,0.7955707820929432,0.3252381806650876,0.9060899277011878,0.28033631266321635,0.3252381806650876
247,dummy,0.2926666666666667,0.5,0.14285714285714285,0.8571428571428571,0.0646870112226142,0.14285714285714285
247,sgd-linear,0.4,0.7814678922405522,0.19768761452237088,0.8794617247086158,0.1444495578257929,0.19768761452237088
248,dummy,0.2926666666666667,0.5,0.14285714285714285,0.8571428571428571,0.0646870112226142,0.14285714285714285
248,sgd-linear,0.5673333333333334,0.8503276044845662,0.2821551734617023,0.9138555090390043,0.21830950054222137,0.2821551734617023
249,dummy,0.2926666666666667,0.5,0.14285714285714285,0.8571428571428571,0.0646870112226142,0.14285714285714285
249,sgd-linear,0.5913333333333334,0.8170485563874843,0.32228132474984983,0.9196654324115704,0.28641104075534435,0.32228132474984983
250,dummy,0.2926666666666667,0.5,0.14285714285714285,0.8571428571428571,0.0646870112226142,0.14285714285714285
250,sgd-linear,0.49000000000000005,0.8189666105731652,0.3233450015427194,0.898218343477728,0.2726975008597335,0.3233450015427194
251,dummy,0.2926666666666667,0.5,0.14285714285714285,0.8571428571428571,0.0646870112226142,0.14285714285714285
251,sgd-linear,0.4653333333333333,0.7663612805003248,0.2644619089352704,0.8958705054371275,0.22140115001341876,0.2644619089352704
252,dummy,0.2926666666666667,0.5,0.14285714285714285,0.8571428571428571,0.0646870112226142,0.14285714285714285
252,sgd-linear,0.45999999999999996,0.7476467970240319,0.3122671561395086,0.8927626995977646,0.25366220631383524,0.3122671561395086
253,dummy,0.2926666666666667,0.5,0.14285714285714285,0.8571428571428571,0.0646870112226142,0.14285714285714285
253,sgd-linear,0.4953333333333333,0.7518279428796332,0.3664325924873121,0.9012785894839566,0.3307916700238735,0.3664325924873121
254,dummy,0.2926666666666667,0.5,0.14285714285714285,0.8571428571428571,0.0646870112226142,0.14285714285714285
254,sgd-linear,0.5599999999999999,0.8081171583131148,0.27652166064355316,0.9116281487085066,0.20315367599215595,0.27652166064355316
255,dummy,0.2926666666666667,0.5,0.14285714285714285,0.8571428571428571,0.0646870112226142,0.14285714285714285
255,sgd-linear,0.5513333333333332,0.8513197140046739,0.272270235935739,0.9098862212133646,0.1999855534254556,0.272270235935739
256,dummy,0.2926666666666667,0.5,0.14285714285714285,0.8571428571428571,0.0646870112226142,0.14285714285714285
256,sgd-linear,0.3946666666666666,0.7630232864820933,0.28079546416024553,0.881126434088011,0.21440266299653601,0.28079546416024553
257,dummy,0.2926666666666667,0.5,0.14285714285714285,0.8571428571428571,0.0646870112226142,0.14285714285714285
257,sgd-linear,0.5233333333333332,0.7719009013357493,0.34497923103045985,0.905126205001638,0.302336647831207,0.34497923103045985
258,dummy,0.2926666666666667,0.5,0.14285714285714285,0.8571428571428571,0.0646870112226142,0.14285714285714285
258,sgd-linear,0.4286666666666667,0.7015816287707068,0.24491688704197484,0.8871891250279111,0.19147611129661007,0.24491688704197484
259,dummy,0.2926666666666667,0.5,0.14285714285714285,0.8571428571428571,0.0646870112226142,0.14285714285714285
259,sgd-linear,0.4586666666666666,0.6938342391973813,0.2266799442675663,0.8912951967194737,0.16654336024280178,0.2266799442675663
260,dummy,0.2926666666666667,0.5,0.14285714285714285,0.8571428571428571,0.0646870112226142,0.14285714285714285
260,sgd-linear,0.6153333333333333,0.8106965999049682,0.39142017970708004,0.9229795476599234,0.33303734112113625,0.39142017970708004
261,dummy,0.2926666666666667,0.5,0.14285714285714285,0.8571428571428571,0.0646870112226142,0.14285714285714285
261,sgd-linear,0.5359999999999999,0.7332942481198674,0.3450056650688756,0.9069339232111023,0.2968738653867617,0.3450056650688756
262,dummy,0.2926666666666667,0.5,0.14285714285714285,0.8571428571428571,0.0646870112226142,0.14285714285714285
262,sgd-linear,0.554,0.7849558489427167,0.273565468762412,0.9106176328212687,0.207003617983184,0.273565468762412
263,dummy,0.2926666666666667,0.5,0.14285714285714285,0.8571428571428571,0.0646870112226142,0.14285714285714285
263,sgd-linear,0.5826666666666667,0.79136820820699,0.3235333093958625,0.9183325305107939,0.2807471492803705,0.3235333093958625
264,dummy,0.2926666666666667,0.5,0.14285714285714285,0.8571428571428571,0.0646870112226142,0.14285714285714285
264,sgd-linear,0.5313333333333333,0.7355569558147922,0.38246425326403033,0.9097606109804538,0.3483122507984856,0.38246425326403033
265,dummy,0.2926666666666667,0.5,0.14285714285714285,0.8571428571428571,0.0646870112226142,0.14285714285714285
265,sgd-linear,0.576,0.788023297420567,0.3484438282129211,0.9153812265971123,0.29964596400223575,0.3484438282129211
266,dummy,0.2926666666666667,0.5,0.14285714285714285,0.8571428571428571,0.0646870112226142,0.14285714285714285
266,sgd-linear,0.5353333333333333,0.7562437246213478,0.27418907355413796,0.9067096142777513,0.21123583494966774,0.27418907355413796
267,dummy,0.2926666666666667,0.5,0.14285714285714285,0.8571428571428571,0.0646870112226142,0.14285714285714285
267,sgd-linear,0.5466666666666666,0.8269328170938841,0.2697703712235058,0.9088818460664955,0.19779444042135028,0.2697703712235058
268,dummy,0.2926666666666667,0.5,0.14285714285714285,0.8571428571428571,0.0646870112226142,0.14285714285714285
268,sgd-linear,0.4666666666666667,0.8135296490932271,0.3784737759858781,0.8981536779525522,0.3210053501519205,0.3784737759858781
269,dummy,0.2926666666666667,0.5,0.14285714285714285,0.8571428571428571,0.0646870112226142,0.14285714285714285
269,sgd-linear,0.5153333333333333,0.7239786111505135,0.33754288193370224,0.9029474548723048,0.2903083121093675,0.33754288193370224
270,dummy,0.2926666666666667,0.5,0.14285714285714285,0.8571428571428571,0.0646870112226142,0.14285714285714285
270,sgd-linear,0.4753333333333333,0.7638936880906476,0.30617162085363414,0.8956379736468438,0.2591985864512655,0.30617162085363414
271,dummy,0.2926666666666667,0.5,0.14285714285714285,0.8571428571428571,0.0646870112226142,0.14285714285714285
271,sgd-linear,0.5906666666666667,0.852472229307222,0.32588624584330683,0.9195021005970141,0.285095126672941,0.32588624584330683
272,dummy,0.2926666666666667,0.5,0.14285714285714285,0.8571428571428571,0.0646870112226142,0.14285714285714285
272,sgd-linear,0.4253333333333333,0.776137699081185,0.382913038431474,0.887670358169979,0.36036049742380366,0.382913038431474
273,dummy,0.2926666666666667,0.5,0.14285714285714285,0.8571428571428571,0.0646870112226142,0.14285714285714285
273,sgd-linear,0.44066666666666665,0.7455567552911744,0.28580822851849785,0.888533959965697,0.2399143476425186,0.28580822851849785
274,dummy,0.2926666666666667,0.5,0.14285714285714285,0.8571428571428571,0.0646870112226142,0.14285714285714285
274,sgd-linear,0.5399999999999999,0.8563042654235573,0.3441710498989542,0.9089828552150656,0.28569768934564577,0.3441710498989542
275,dummy,0.2926666666666667,0.5,0.14285714285714285,0.8571428571428571,0.0646870112226142,0.14285714285714285
275,sgd-linear,0.524,0.7948505489714546,0.29139529438175604,0.904391441471142,0.2409144813058675,0.29139529438175604
276,dummy,0.2926666666666667,0.5,0.14285714285714285,0.8571428571428571,0.0646870112226142,0.14285714285714285
276,sgd-linear,0.602,0.8625043361717207,0.3181152726685038,0.9208990748977396,0.27834377272118377,0.3181152726685038
277,dummy,0.2926666666666667,0.5,0.14285714285714285,0.8571428571428571,0.0646870112226142,0.14285714285714285
277,sgd-linear,0.36866666666666664,0.7649124456414944,0.3530073265728249,0.8755337447154513,0.30799370299085316,0.3530073265728249
278,dummy,0.2926666666666667,0.5,0.14285714285714285,0.8571428571428571,0.0646870112226142,0.14285714285714285
278,sgd-linear,0.552,0.6516665185638676,0.272591532639884,0.9102975743847261,0.21102487365655448,0.272591532639884
279,dummy,0.2926666666666667,0.5,0.14285714285714285,0.8571428571428571,0.0646870112226142,0.14285714285714285
279,sgd-linear,0.5226666666666666,0.8295661856366955,0.30493600612950583,0.9056455439643797,0.2557980694398773,0.30493600612950583
280,dummy,0.2926666666666667,0.5,0.14285714285714285,0.8571428571428571,0.0646870112226142,0.14285714285714285
280,sgd-linear,0.4586666666666666,0.7626484017054119,0.32222664196295026,0.8920664657353317,0.2678526660044745,0.32222664196295026
281,dummy,0.2926666666666667,0.5,0.14285714285714285,0.8571428571428571,0.0646870112226142,0.14285714285714285
281,sgd-linear,0.4086666666666667,0.7271898391420188,0.21102652850071418,0.8827072555302194,0.1796464173526277,0.21102652850071418
282,dummy,0.2926666666666667,0.5,0.14285714285714285,0.8571428571428571,0.0646870112226142,0.14285714285714285
282,sgd-linear,0.4746666666666667,0.7508862355068324,0.361552076002559,0.897602557991366,0.3350275056529242,0.361552076002559
283,dummy,0.2926666666666667,0.5,0.14285714285714285,0.8571428571428571,0.0646870112226142,0.14285714285714285
283,sgd-linear,0.4533333333333333,0.7550542248977358,0.30041674976945015,0.893013268491929,0.28531346406250524,0.30041674976945015
284,dummy,0.2926666666666667,0.5,0.14285714285714285,0.8571428571428571,0.0646870112226142,0.14285714285714285
284,sgd-linear,0.5613333333333332,0.7963183161341817,0.3305826329170826,0.9138284910392815,0.27335308167714245,0.3305826329170826
285,dummy,0.2926666666666667,0.5,0.14285714285714285,0.8571428571428571,0.0646870112226142,0.14285714285714285
285,sgd-linear,0.54,0.8037896686830905,0.3646048059022603,0.9088555249861496,0.3177006353588424,0.3646048059022603
286,dummy,0.2926666666666667,0.5,0.14285714285714285,0.8571428571428571,0.0646870112226142,0.14285714285714285
286,sgd-linear,0.4406666666666667,0.7350213384304286,0.30275305772475447,0.8880576959581269,0.25947484842302726,0.30275305772475447
287,dummy,0.2926666666666667,0.5,0.14285714285714285,0.8571428571428571,0.0646870112226142,0.14285714285714285
287,sgd-linear,0.5853333333333334,0.8035536016595716,0.3183292681979189,0.9185153564985681,0.2809259828573594,0.3183292681979189
288,dummy,0.2926666666666667,0.5,0.14285714285714285,0.8571428571428571,0.0646870112226142,0.14285714285714285
288,sgd-linear,0.4333333333333334,0.7287947913759477,0.2421381961501406,0.8880920648452839,0.21300041919493626,0.2421381961501406
289,dummy,0.2926666666666667,0.5,0.14285714285714285,0.8571428571428571,0.0646870112226142,0.14285714285714285
289,sgd-linear,0.5453333333333333,0.7950761490939786,0.28366677557399067,0.9100634067441478,0.24314347485870663,0.28366677557399067
290,dummy,0.2926666666666667,0.5,0.14285714285714285,0.8571428571428571,0.0646870112226142,0.14285714285714285
290,sgd-linear,0.532,0.7998529250707225,0.3210542514495531,0.9061198599248881,0.27609164954586257,0.3210542514495531
291,dummy,0.2926666666666667,0.5,0.14285714285714285,0.8571428571428571,0.0646870112226142,0.14285714285714285
291,sgd-linear,0.512,0.7818742333445259,0.27152625396103863,0.9019241264696983,0.21940077415537057,0.27152625396103863
292,dummy,0.2926666666666667,0.5,0.14285714285714285,0.8571428571428571,0.0646870112226142,0.14285714285714285
292,sgd-linear,0.5466666666666666,0.8136801101698845,0.27251790863416037,0.9101356115783525,0.21456361712855587,0.27251790863416037
293,dummy,0.2926666666666667,0.5,0.14285714285714285,0.8571428571428571,0.0646870112226142,0.14285714285714285
293,sgd-linear,0.502,0.7087939904972874,0.3318680622646376,0.9009231551880813,0.279251873590051,0.3318680622646376
294,dummy,0.2926666666666667,0.5,0.14285714285714285,0.8571428571428571,0.0646870112226142,0.14285714285714285
294,sgd-linear,0.45266666666666666,0.7962226627909281,0.388571209592437,0.8939586684013939,0.325932212363857,0.388571209592437
295,dummy,0.2926666666666667,0.5,0.14285714285714285,0.8571428571428571,0.0646870112226142,0.14285714285714285
295,sgd-linear,0.6033333333333334,0.7795630504122917,0.3809020406296221,0.9206655028600423,0.33124025435459065,0.3809020406296221
296,dummy,0.2926666666666667,0.5,0.14285714285714285,0.8571428571428571,0.0646870112226142,0.14285714285714285
296,sgd-linear,0.576,0.7839714582411575,0.29420371619561747,0.9161674357414842,0.24651421064553714,0.29420371619561747
297,dummy,0.2926666666666667,0.5,0.14285714285714285,0.8571428571428571,0.0646870112226142,0.14285714285714285
297,sgd-linear,0.548,0.8557660583227464,0.3698174566757519,0.9120936109403315,0.3472459470695147,0.3698174566757519
298,dummy,0.2926666666666667,0.5,0.14285714285714285,0.8571428571428571,0.0646870112226142,0.14285714285714285
298,sgd-linear,0.5446666666666667,0.8046882901822846,0.27011278797364785,0.9089848740349791,0.21006093653279767,0.27011278797364785
299,dummy,0.2926666666666667,0.5,0.14285714285714285,0.8571428571428571,0.0646870112226142,0.14285714285714285
299,sgd-linear,0.48933333333333334,0.7617545703486055,0.2691420867200013,0.8988412015308365,0.23996633164914932,0.2691420867200013
300,dummy,0.2926666666666667,0.5,0.14285714285714285,0.8571428571428571,0.0646870112226142,0.14285714285714285
300,sgd-linear,0.5673333333333334,0.8213073703631368,0.286531689027276,0.9142463517951859,0.2346983111819409,0.286531689027276
301,dummy,0.2926666666666667,0.5,0.14285714285714285,0.8571428571428571,0.0646870112226142,0.14285714285714285
301,sgd-linear,0.4046666666666667,0.7888357977147469,0.3403467803981706,0.8832717527604084,0.2936127945344928,0.3403467803981706
302,dummy,0.2926666666666667,0.5,0.14285714285714285,0.8571428571428571,0.0646870112226142,0.14285714285714285
302,sgd-linear,0.47733333333333333,0.7307839509679971,0.23542548564224117,0.8947966164418254,0.17343648628456737,0.23542548564224117
303,dummy,0.2926666666666667,0.5,0.14285714285714285,0.8571428571428571,0.0646870112226142,0.14285714285714285
303,sgd-linear,0.5293333333333333,0.7054583111723476,0.2613936528901858,0.9054866325099603,0.1924711354210358,0.2613936528901858
304,dummy,0.2926666666666667,0.5,0.14285714285714285,0.8571428571428571,0.0646870112226142,0.14285714285714285
304,sgd-linear,0.47400000000000003,0.7040757935778579,0.23411692109956178,0.8944068602940558,0.17293581958783985,0.23411692109956178
305,dummy,0.2926666666666667,0.5,0.14285714285714285,0.8571428571428571,0.0646870112226142,0.14285714285714285
305,sgd-linear,0.5366666666666667,0.7962553397527066,0.26561818529186654,0.9076645995737866,0.2068499451077228,0.26561818529186654
306,dummy,0.2926666666666667,0.5,0.14285714285714285,0.8571428571428571,0.0646870112226142,0.14285714285714285
306,sgd-linear,0.4853333333333333,0.7529249033673938,0.3043584798477904,0.8988096085308286,0.29611133664328854,0.3043584798477904
307,dummy,0.2926666666666667,0.5,0.14285714285714285,0.8571428571428571,0.0646870112226142,0.14285714285714285
307,sgd-linear,0.5106666666666667,0.5901197407894165,0.2521090944214676,0.901794108881162,0.18726830627082008,0.2521090944214676
308,dummy,0.2926666666666667,0.5,0.14285714285714285,0.8571428571428571,0.0646870112226142,0.14285714285714285
308,sgd-linear,0.47333333333333333,0.6452184722628695,0.23370821011936158,0.8941652454783571,0.17140197748241603,0.23370821011936158
309,dummy,0.2926666666666667,0.5,0.14285714285714285,0.8571428571428571,0.0646870112226142,0.14285714285714285
309,sgd-linear,0.5373333333333333,0.8231738274886936,0.28926102790908975,0.9088868464530988,0.25468559570026994,0.28926102790908975
310,dummy,0.2926666666666667,0.5,0.14285714285714285,0.8571428571428571,0.0646870112226142,0.14285714285714285
310,sgd-linear,0.31333333333333335,0.7546389230182624,0.2556843631950452,0.866931680194247,0.24100844342562028,0.2556843631950452
311,dummy,0.2926666666666667,0.5,0.14285714285714285,0.8571428571428571,0.0646870112226142,0.14285714285714285
311,sgd-linear,0.3386666666666666,0.7291863758313984,0.25385525549920096,0.8679407601634423,0.18082291936826303,0.25385525549920096
312,dummy,0.2926666666666667,0.5,0.14285714285714285,0.8571428571428571,0.0646870112226142,0.14285714285714285
312,sgd-linear,0.534,0.8549668542855228,0.29412313855094174,0.9062878885898931,0.24338891066794277,0.29412313855094174
313,dummy,0.2926666666666667,0.5,0.14285714285714285,0.8571428571428571,0.0646870112226142,0.14285714285714285
313,sgd-linear,0.554,0.7897899134191322,0.2735050671139637,0.9103284903616563,0.2005661414619599,0.2735050671139637
314,dummy,0.2926666666666667,0.5,0.14285714285714285,0.8571428571428571,0.0646870112226142,0.14285714285714285
314,sgd-linear,0.4693333333333333,0.7219168659197182,0.34438866106626004,0.8978611257003966,0.2944904478441371,0.34438866106626004
315,dummy,0.2926666666666667,0.5,0.14285714285714285,0.8571428571428571,0.0646870112226142,0.14285714285714285
315,sgd-linear,0.5706666666666667,0.8110557711739512,0.359696114746353,0.9139833480108969,0.30916632202597927,0.359696114746353
316,dummy,0.2926666666666667,0.5,0.14285714285714285,0.8571428571428571,0.0646870112226142,0.14285714285714285
316,sgd-linear,0.48600000000000004,0.8155488426624251,0.3257546368648307,0.8971097182528798,0.2784650875547755,0.3257546368648307
317,dummy,0.2926666666666667,0.5,0.14285714285714285,0.8571428571428571,0.0646870112226142,0.14285714285714285
317,sgd-linear,0.5326666666666667,0.5883432376607252,0.2630738820278421,0.9062986963017432,0.19738640241739627,0.2630738820278421
318,dummy,0.2926666666666667,0.5,0.14285714285714285,0.8571428571428571,0.0646870112226142,0.14285714285714285
318,sgd-linear,0.5406666666666667,0.7208917357238578,0.2669733584182379,0.9077154635247249,0.1960641628532686,0.2669733584182379
319,dummy,0.2926666666666667,0.5,0.14285714285714285,0.8571428571428571,0.0646870112226142,0.14285714285714285
319,sgd-linear,0.374,0.6574473513372385,0.24331020735622744,0.8787860552199029,0.2121296519342945,0.24331020735622744
320,dummy,0.2926666666666667,0.5,0.14285714285714285,0.8571428571428571,0.0646870112226142,0.14285714285714285
320,sgd-linear,0.572,0.7992950295768928,0.3079304446979561,0.9153527716092803,0.27162942637751747,0.3079304446979561
321,dummy,0.2926666666666667,0.5,0.14285714285714285,0.8571428571428571,0.0646870112226142,0.14285714285714285
321,sgd-linear,0.542,0.74692382034096,0.267565949467926,0.9079837343485593,0.19636679638993418,0.267565949467926
322,dummy,0.2926666666666667,0.5,0.14285714285714285,0.8571428571428571,0.0646870112226142,0.14285714285714285
322,sgd-linear,0.532,0.8164537480841965,0.29562472016121766,0.9071798424647362,0.2618601663205208,0.29562472016121766
323,dummy,0.2926666666666667,0.5,0.14285714285714285,0.8571428571428571,0.0646870112226142,0.14285714285714285
323,sgd-linear,0.568,0.7756949153964857,0.34879542591962,0.913781141973846,0.29888321529972856,0.34879542591962
324,dummy,0.2926666666666667,0.5,0.14285714285714285,0.8571428571428571,0.0646870112226142,0.14285714285714285
324,sgd-linear,0.5660000000000001,0.8671176320658527,0.28725211027689296,0.9133179053057983,0.23316995257586112,0.28725211027689296
325,dummy,0.2926666666666667,0.5,0.14285714285714285,0.8571428571428571,0.0646870112226142,0.14285714285714285
325,sgd-linear,0.4373333333333333,0.672055166554389,0.21608867852747285,0.8869693881584272,0.1583303471690069,0.21608867852747285
326,dummy,0.2926666666666667,0.5,0.14285714285714285,0.8571428571428571,0.0646870112226142,0.14285714285714285
326,sgd-linear,0.454,0.7028298736218741,0.22402373692788333,0.890343048340057,0.16498016889264316,0.22402373692788333
327,dummy,0.2926666666666667,0.5,0.14285714285714285,0.8571428571428571,0.0646870112226142,0.14285714285714285
327,sgd-linear,0.484,0.7420149639840513,0.32190705822315796,0.8964368005302834,0.28009567626186727,0.32190705822315796
328,dummy,0.2926666666666667,0.5,0.14285714285714285,0.8571428571428571,0.0646870112226142,0.14285714285714285
328,sgd-linear,0.38666666666666666,0.670012126075207,0.29406338436708535,0.8812651813301494,0.24057285189419195,0.29406338436708535
329,dummy,0.2926666666666667,0.5,0.14285714285714285,0.8571428571428571,0.0646870112226142,0.14285714285714285
329,sgd-linear,0.4946666666666667,0.8073350537878621,0.24432105553455616,0.8984156694846417,0.17907675974358322,0.24432105553455616
330,dummy,0.2926666666666667,0.5,0.14285714285714285,0.8571428571428571,0.0646870112226142,0.14285714285714285
330,sgd-linear,0.496,0.8043198235129395,0.343809164998243,0.9007185571110232,0.2994615624440781,0.343809164998243
331,dummy,0.2926666666666667,0.5,0.14285714285714285,0.8571428571428571,0.0646870112226142,0.14285714285714285
331,sgd-linear,0.4953333333333334,0.7929146374353713,0.2887713312050781,0.9020574531041637,0.2695087948240914,0.2887713312050781
332,dummy,0.2926666666666667,0.5,0.14285714285714285,0.8571428571428571,0.0646870112226142,0.14285714285714285
332,sgd-linear,0.36,0.7395985429120081,0.2599270092717897,0.8724123010428059,0.20613680314438126,0.2599270092717897
333,dummy,0.2926666666666667,0.5,0.14285714285714285,0.8571428571428571,0.0646870112226142,0.14285714285714285
333,sgd-linear,0.5393333333333333,0.7837120812130747,0.2663354668979935,0.9074742174812946,0.19581144285845858,0.2663354668979935
334,dummy,0.2926666666666667,0.5,0.14285714285714285,0.8571428571428571,0.0646870112226142,0.14285714285714285
334,sgd-linear,0.542,0.8235971297451513,0.340909763523504,0.9087599851069259,0.30118132779666473,0.340909763523504
335,dummy,0.2926666666666667,0.5,0.14285714285714285,0.8571428571428571,0.0646870112226142,0.14285714285714285
335,sgd-linear,0.5593333333333333,0.8331604582013675,0.28438018072210103,0.9123487997992887,0.2338255345358072,0.28438018072210103
336,dummy,0.2926666666666667,0.5,0.14285714285714285,0.8571428571428571,0.0646870112226142,0.14285714285714285
336,sgd-linear,0.568,0.7872089422654733,0.3729028272386449,0.913775238020912,0.32012541773733344,0.3729028272386449
337,dummy,0.2926666666666667,0.5,0.14285714285714285,0.8571428571428571,0.0646870112226142,0.14285714285714285
337,sgd-linear,0.44800000000000006,0.805096381512705,0.2889713081704214,0.8914700773947312,0.23304094946514736,0.2889713081704214
338,dummy,0.2926666666666667,0.5,0.14285714285714285,0.8571428571428571,0.0646870112226142,0.14285714285714285
338,sgd-linear,0.4033333333333333,0.5977707143621764,0.19895080099547294,0.8798113419327187,0.14906375465582578,0.19895080099547294
339,dummy,0.2926666666666667,0.5,0.14285714285714285,0.8571428571428571,0.0646870112226142,0.14285714285714285
339,sgd-linear,0.4833333333333334,0.8206977060158435,0.36106140351056326,0.8989282349509514,0.3257803164588306,0.36106140351056326
340,dummy,0.2926666666666667,0.5,0.14285714285714285,0.8571428571428571,0.0646870112226142,0.14285714285714285
340,sgd-linear,0.4640000000000001,0.7353601174596379,0.2511990996772429,0.8936534637495113,0.22579377251284524,0.2511990996772429
341,dummy,0.2926666666666667,0.5,0.14285714285714285,0.8571428571428571,0.0646870112226142,0.14285714285714285
341,sgd-linear,0.5306666666666666,0.7975921816220909,0.26193641209491014,0.9059076116056692,0.19768056048032268,0.26193641209491014
342,dummy,0.2926666666666667,0.5,0.14285714285714285,0.8571428571428571,0.0646870112226142,0.14285714285714285
342,sgd-linear,0.5326666666666666,0.8135600612349645,0.2628958668106741,0.9061484538093605,0.19346398397074074,0.2628958668106741
343,dummy,0.2926666666666667,0.5,0.14285714285714285,0.8571428571428571,0.0646870112226142,0.14285714285714285
343,sgd-linear,0.5326666666666666,0.6735757919217853,0.2631116288463333,0.9061642303479758,0.1936203060001928,0.2631116288463333
344,dummy,0.2926666666666667,0.5,0.14285714285714285,0.8571428571428571,0.0646870112226142,0.14285714285714285
344,sgd-linear,0.5293333333333333,0.8172391774424963,0.26118117656043977,0.9053815406645838,0.19145781557194907,0.26118117656043977
345,dummy,0.2926666666666667,0.5,0.14285714285714285,0.8571428571428571,0.0646870112226142,0.14285714285714285
345,sgd-linear,0.5519999999999999,0.7970965784701104,0.34057480678354307,0.9103305171941504,0.2978604659886981,0.34057480678354307
346,dummy,0.2926666666666667,0.5,0.14285714285714285,0.8571428571428571,0.0646870112226142,0.14285714285714285
346,sgd-linear,0.5686666666666667,0.8401553815519266,0.2891065768921229,0.9160145311486584,0.2437752138810318,0.2891065768921229
347,dummy,0.2926666666666667,0.5,0.14285714285714285,0.8571428571428571,0.0646870112226142,0.14285714285714285
347,sgd-linear,0.5433333333333333,0.7711328099548865,0.3381399737266052,0.9090902086108862,0.28797584073346155,0.3381399737266052
348,dummy,0.2926666666666667,0.5,0.14285714285714285,0.8571428571428571,0.0646870112226142,0.14285714285714285
348,sgd-linear,0.446,0.8207350245904503,0.2705023778170724,0.8900156778974366,0.22937681217190264,0.2705023778170724
349,dummy,0.2926666666666667,0.5,0.14285714285714285,0.8571428571428571,0.0646870112226142,0.14285714285714285
349,sgd-linear,0.5053333333333334,0.75416793532835,0.33982111904860246,0.9009923341853069,0.2874649736593697,0.33982111904860246
350,dummy,0.2926666666666667,0.5,0.14285714285714285,0.8571428571428571,0.0646870112226142,0.14285714285714285
350,sgd-linear,0.392,0.7859515879599653,0.2761427817113066,0.880226883391573,0.2514812195694726,0.2761427817113066
351,dummy,0.2926666666666667,0.5,0.14285714285714285,0.8571428571428571,0.0646870112226142,0.14285714285714285
351,sgd-linear,0.3846666666666666,0.7236873612216183,0.33986048552274367,0.878102568287184,0.3093534253306487,0.33986048552274367
352,dummy,0.2926666666666667,0.5,0.14285714285714285,0.8571428571428571,0.0646870112226142,0.14285714285714285
352,sgd-linear,0.5466666666666666,0.5883917415104916,0.2699562872462537,0.9092199987676602,0.20887969886962265,0.2699562872462537
353,dummy,0.2926666666666667,0.5,0.14285714285714285,0.8571428571428571,0.0646870112226142,0.14285714285714285
353,sgd-linear,0.5033333333333333,0.7865677342652486,0.2982746269512154,0.9010316919253942,0.25132872996308997,0.2982746269512154
354,dummy,0.2926666666666667,0.5,0.14285714285714285,0.8571428571428571,0.0646870112226142,0.14285714285714285
354,sgd-linear,0.45666666666666667,0.7702111637416214,0.31813620799587117,0.8917504086610114,0.26037533747942077,0.31813620799587117
355,dummy,0.2926666666666667,0.5,0.14285714285714285,0.8571428571428571,0.0646870112226142,0.14285714285714285
355,sgd-linear,0.41933333333333334,0.7657254521731324,0.30262839707582384,0.8837129953165193,0.2606791441731585,0.30262839707582384
356,dummy,0.2926666666666667,0.5,0.14285714285714285,0.8571428571428571,0.0646870112226142,0.14285714285714285
356,sgd-linear,0.48200000000000004,0.7272305184704521,0.23788288939546076,0.8959845907264397,0.17555586810039725,0.23788288939546076
357,dummy,0.2926666666666667,0.5,0.14285714285714285,0.8571428571428571,0.0646870112226142,0.14285714285714285
357,sgd-linear,0.5393333333333334,0.8138232614256955,0.31524431915606027,0.9074004131784579,0.2691438937503814,0.31524431915606027
358,dummy,0.2926666666666667,0.5,0.14285714285714285,0.8571428571428571,0.0646870112226142,0.14285714285714285
358,sgd-linear,0.49399999999999994,0.8438600578585985,0.3205949351957357,0.900196254587007,0.25851950696266107,0.3205949351957357
359,dummy,0.2926666666666667,0.5,0.14285714285714285,0.8571428571428571,0.0646870112226142,0.14285714285714285
359,sgd-linear,0.496,0.7874654413790024,0.34259041741727864,0.9013890327264417,0.29012453349873707,0.34259041741727864
360,dummy,0.2926666666666667,0.5,0.14285714285714285,0.8571428571428571,0.0646870112226142,0.14285714285714285
360,sgd-linear,0.4746666666666667,0.7864353930688035,0.23791128757400754,0.8943254424016484,0.1797588793549827,0.23791128757400754
361,dummy,0.2926666666666667,0.5,0.14285714285714285,0.8571428571428571,0.0646870112226142,0.14285714285714285
361,sgd-linear,0.4913333333333333,0.8011676013301136,0.24994115441612963,0.8979356184571824,0.19568428521919073,0.24994115441612963
362,dummy,0.2926666666666667,0.5,0.14285714285714285,0.8571428571428571,0.0646870112226142,0.14285714285714285
362,sgd-linear,0.5746666666666667,0.7742959925706557,0.3476329829737538,0.9162240505363253,0.29338249864332144,0.3476329829737538
363,dummy,0.2926666666666667,0.5,0.14285714285714285,0.8571428571428571,0.0646870112226142,0.14285714285714285
363,sgd-linear,0.47133333333333327,0.8189221808400093,0.32577472800011603,0.8953504708529415,0.26743142475213777,0.32577472800011603
364,dummy,0.2926666666666667,0.5,0.14285714285714285,0.8571428571428571,0.0646870112226142,0.14285714285714285
364,sgd-linear,0.5806666666666667,0.8066166644754803,0.3015677298495629,0.9179079280259451,0.25947421577716157,0.3015677298495629
365,dummy,0.2926666666666667,0.5,0.14285714285714285,0.8571428571428571,0.0646870112226142,0.14285714285714285
365,sgd-linear,0.5253333333333334,0.8209051632041933,0.29565314988451874,0.906467573195987,0.2543290135377186,0.29565314988451874
366,dummy,0.2926666666666667,0.5,0.14285714285714285,0.8571428571428571,0.0646870112226142,0.14285714285714285
366,sgd-linear,0.52,0.778994242801558,0.3624345346231409,0.9084428917059354,0.3266988993339762,0.3624345346231409
367,dummy,0.2926666666666667,0.5,0.14285714285714285,0.8571428571428571,0.0646870112226142,0.14285714285714285
367,sgd-linear,0.4126666666666667,0.7252462681340642,0.22749766093228171,0.8851902395300788,0.198622965585263,0.22749766093228171
368,dummy,0.2926666666666667,0.5,0.14285714285714285,0.8571428571428571,0.0646870112226142,0.14285714285714285
368,sgd-linear,0.5673333333333334,0.8364255339694603,0.3633418982231662,0.9146673081026033,0.3009026749536294,0.3633418982231662
369,dummy,0.2926666666666667,0.5,0.14285714285714285,0.8571428571428571,0.0646870112226142,0.14285714285714285
369,sgd-linear,0.4366666666666667,0.8244160677570589,0.31920433274957444,0.8908633690887232,0.29153998632782063,0.31920433274957444
370,dummy,0.2926666666666667,0.5,0.14285714285714285,0.8571428571428571,0.0646870112226142,0.14285714285714285
370,sgd-linear,0.5033333333333333,0.7590367089634256,0.31042449140030703,0.9004499078100292,0.268360688185035,0.31042449140030703
371,dummy,0.2926666666666667,0.5,0.14285714285714285,0.8571428571428571,0.0646870112226142,0.14285714285714285
371,sgd-linear,0.526,0.7911661074208252,0.26896547279928074,0.9065840047793114,0.22926300458495893,0.26896547279928074
372,dummy,0.2926666666666667,0.5,0.14285714285714285,0.8571428571428571,0.0646870112226142,0.14285714285714285
372,sgd-linear,0.5346666666666666,0.7700193457944918,0.3542950715023926,0.9074513154302976,0.2973171243516374,0.3542950715023926
373,dummy,0.2926666666666667,0.5,0.14285714285714285,0.8571428571428571,0.0646870112226142,0.14285714285714285
373,sgd-linear,0.4573333333333333,0.7417768862060805,0.29191745439614636,0.8920594009455035,0.24330817678223998,0.29191745439614636
374,dummy,0.2926666666666667,0.5,0.14285714285714285,0.8571428571428571,0.0646870112226142,0.14285714285714285
374,sgd-linear,0.5006666666666667,0.8097507083449162,0.34647515970252896,0.9008399509045135,0.3103814825540486,0.34647515970252896
375,dummy,0.2926666666666667,0.5,0.14285714285714285,0.8571428571428571,0.0646870112226142,0.14285714285714285
375,sgd-linear,0.5546666666666666,0.7951289256337437,0.38043536851167803,0.9130967679226067,0.3565170389583382,0.38043536851167803
376,dummy,0.2926666666666667,0.5,0.14285714285714285,0.8571428571428571,0.0646870112226142,0.14285714285714285
376,sgd-linear,0.4026666666666666,0.7108890784167081,0.30255688725650065,0.8835875070112866,0.2882030369081475,0.30255688725650065
377,dummy,0.2926666666666667,0.5,0.14285714285714285,0.8571428571428571,0.0646870112226142,0.14285714285714285
377,sgd-linear,0.5366666666666667,0.8115080529828571,0.27243414704719976,0.9076542204060075,0.22485465593165782,0.27243414704719976
378,dummy,0.2926666666666667,0.5,0.14285714285714285,0.8571428571428571,0.0646870112226142,0.14285714285714285
378,sgd-linear,0.5373333333333333,0.8142676258567813,0.297489292221802,0.9088333429686422,0.25834023782811677,0.297489292221802
379,dummy,0.2926666666666667,0.5,0.14285714285714285,0.8571428571428571,0.0646870112226142,0.14285714285714285
379,sgd-linear,0.45666666666666667,0.7484491494382585,0.2622853111577257,0.8947026546119945,0.21029423022498786,0.2622853111577257
380,dummy,0.2926666666666667,0.5,0.14285714285714285,0.8571428571428571,0.0646870112226142,0.14285714285714285
380,sgd-linear,0.5226666666666666,0.7878546313304018,0.33916016656103204,0.9083043198251346,0.315699468668022,0.33916016656103204
381,dummy,0.2926666666666667,0.5,0.14285714285714285,0.8571428571428571,0.0646870112226142,0.14285714285714285
381,sgd-linear,0.44000000000000006,0.7393913438899986,0.3227643183637334,0.890958172543777,0.2721327571567803,0.3227643183637334
382,dummy,0.2926666666666667,0.5,0.14285714285714285,0.8571428571428571,0.0646870112226142,0.14285714285714285
382,sgd-linear,0.5246666666666666,0.769590728783234,0.34678926005045163,0.9050933378909276,0.3140587972641814,0.34678926005045163
383,dummy,0.2926666666666667,0.5,0.14285714285714285,0.8571428571428571,0.0646870112226142,0.14285714285714285
383,sgd-linear,0.372,0.5360233765455585,0.18333626678053302,0.8736926839215178,0.13353624380711426,0.18333626678053302
384,dummy,0.2926666666666667,0.5,0.14285714285714285,0.8571428571428571,0.0646870112226142,0.14285714285714285
384,sgd-linear,0.5586666666666666,0.7971790335474325,0.39163011407059667,0.9142482233993453,0.3619617429042475,0.39163011407059667
385,dummy,0.2926666666666667,0.5,0.14285714285714285,0.8571428571428571,0.0646870112226142,0.14285714285714285
385,sgd-linear,0.402,0.7972180635748641,0.2611180463355219,0.8823306406780207,0.20501508155934195,0.2611180463355219
386,dummy,0.2926666666666667,0.5,0.14285714285714285,0.8571428571428571,0.0646870112226142,0.14285714285714285
386,sgd-linear,0.5253333333333334,0.7858225613512906,0.2593320725534509,0.9046892787381282,0.19106485438531323,0.2593320725534509
387,dummy,0.2926666666666667,0.5,0.14285714285714285,0.8571428571428571,0.0646870112226142,0.14285714285714285
387,sgd-linear,0.544,0.7060558818722106,0.268524613898924,0.9083993594804148,0.19722717612612065,0.268524613898924
388,dummy,0.2926666666666667,0.5,0.14285714285714285,0.8571428571428571,0.0646870112226142,0.14285714285714285
388,sgd-linear,0.51,0.763940244425154,0.2613544165896561,0.9023737558109086,0.2197915884891446,0.2613544165896561
389,dummy,0.2926666666666667,0.5,0.14285714285714285,0.8571428571428571,0.0646870112226142,0.14285714285714285
389,sgd-linear,0.42400000000000004,0.7391383116396602,0.2637222172800316,0.8880122318564341,0.21842833773933487,0.2637222172800316
390,dummy,0.2926666666666667,0.5,0.14285714285714285,0.8571428571428571,0.0646870112226142,0.14285714285714285
390,sgd-linear,0.55,0.7773987771756522,0.2755868476473594,0.9106049980800016,0.21944798446972164,0.2755868476473594
391,dummy,0.2926666666666667,0.5,0.14285714285714285,0.8571428571428571,0.0646870112226142,0.14285714285714285
391,sgd-linear,0.4966666666666667,0.7471588588522431,0.24505595502034017,0.8988582953309907,0.17985565647602217,0.24505595502034017
392,dummy,0.2926666666666667,0.5,0.14285714285714285,0.8571428571428571,0.0646870112226142,0.14285714285714285
392,sgd-linear,0.5539999999999999,0.8295436808866181,0.2734365818938204,0.910333534274064,0.2004701483107992,0.2734365818938204
393,dummy,0.2926666666666667,0.5,0.14285714285714285,0.8571428571428571,0.0646870112226142,0.14285714285714285
393,sgd-linear,0.47400000000000003,0.7980207638581506,0.38365671466029977,0.8953647131499366,0.35945246846791357,0.38365671466029977
394,dummy,0.2926666666666667,0.5,0.14285714285714285,0.8571428571428571,0.0646870112226142,0.14285714285714285
394,sgd-linear,0.33333333333333337,0.7154157413391478,0.27283063682646824,0.8667020909930834,0.2617783756136013,0.27283063682646824
395,dummy,0.2926666666666667,0.5,0.14285714285714285,0.8571428571428571,0.0646870112226142,0.14285714285714285
395,sgd-linear,0.53,0.7670677036669433,0.26163846759087106,0.9055811861266829,0.19227175453085824,0.26163846759087106
396,dummy,0.2926666666666667,0.5,0.14285714285714285,0.8571428571428571,0.0646870112226142,0.14285714285714285
396,sgd-linear,0.5126666666666666,0.806547424209314,0.32484866883984764,0.9028916176439437,0.2779877778938629,0.32484866883984764
397,dummy,0.2926666666666667,0.5,0.14285714285714285,0.8571428571428571,0.0646870112226142,0.14285714285714285
397,sgd-linear,0.33799999999999997,0.758233497759673,0.2838035472697857,0.8699210005784923,0.25065598978174364,0.2838035472697857
398,dummy,0.2926666666666667,0.5,0.14285714285714285,0.8571428571428571,0.0646870112226142,0.14285714285714285
398,sgd-linear,0.488,0.6995314582607455,0.33421027272175907,0.8979082702779838,0.28153097714132935,0.33421027272175907
399,dummy,0.2926666666666667,0.5,0.14285714285714285,0.8571428571428571,0.0646870112226142,0.14285714285714285
399,sgd-linear,0.5506666666666666,0.7722955585690682,0.27183984930270133,0.909868376161565,0.20260181005188768,0.27183984930270133
400,dummy,0.2926666666666667,0.5,0.14285714285714285,0.8571428571428571,0.0646870112226142,0.14285714285714285
400,sgd-linear,0.5586666666666666,0.7387859684418003,0.27582292128049,0.9113159058072124,0.20228610508633887,0.27582292128049
401,dummy,0.2926666666666667,0.5,0.14285714285714285,0.8571428571428571,0.0646870112226142,0.14285714285714285
401,sgd-linear,0.4880000000000001,0.7529327244736173,0.351345680752691,0.8991207890441519,0.3285703567546398,0.351345680752691
402,dummy,0.2926666666666667,0.5,0.14285714285714285,0.8571428571428571,0.0646870112226142,0.14285714285714285
402,sgd-linear,0.48933333333333334,0.7355441645685397,0.3397703051425297,0.8982695366295568,0.29685549506391246,0.3397703051425297
403,dummy,0.2926666666666667,0.5,0.14285714285714285,0.8571428571428571,0.0646870112226142,0.14285714285714285
403,sgd-linear,0.5606666666666668,0.8127936433807607,0.37111681940400276,0.9119359146945831,0.3171989477030251,0.37111681940400276
404,dummy,0.2926666666666667,0.5,0.14285714285714285,0.8571428571428571,0.0646870112226142,0.14285714285714285
404,sgd-linear,0.508,0.7576119876333477,0.26872705919382645,0.9012135136894864,0.21292249928763313,0.26872705919382645
405,dummy,0.2926666666666667,0.5,0.14285714285714285,0.8571428571428571,0.0646870112226142,0.14285714285714285
405,sgd-linear,0.368,0.5761861363888412,0.18136442869048178,0.872895998686942,0.13177751169414403,0.18136442869048178
406,dummy,0.2926666666666667,0.5,0.14285714285714285,0.8571428571428571,0.0646870112226142,0.14285714285714285
406,sgd-linear,0.42666666666666675,0.7334851100461702,0.24411567962270456,0.8883316232023212,0.1910430683550593,0.24411567962270456
407,dummy,0.2926666666666667,0.5,0.14285714285714285,0.8571428571428571,0.0646870112226142,0.14285714285714285
407,sgd-linear,0.3373333333333334,0.7564387400279531,0.32074221384912305,0.8704298074053515,0.2523638536624962,0.32074221384912305
408,dummy,0.2926666666666667,0.5,0.14285714285714285,0.8571428571428571,0.0646870112226142,0.14285714285714285
408,sgd-linear,0.5466666666666666,0.7997337367650518,0.34066950758616954,0.9094193954165462,0.28894240173495966,0.34066950758616954
409,dummy,0.2926666666666667,0.5,0.14285714285714285,0.8571428571428571,0.0646870112226142,0.14285714285714285
409,sgd-linear,0.5473333333333332,0.7818426220010831,0.2701327096414129,0.9091109296110526,0.19911055471118908,0.2701327096414129
410,dummy,0.2926666666666667,0.5,0.14285714285714285,0.8571428571428571,0.0646870112226142,0.14285714285714285
410,sgd-linear,0.5466666666666666,0.7650535731936795,0.3105141432760163,0.9109328293924129,0.2658152708160843,0.3105141432760163
411,dummy,0.2926666666666667,0.5,0.14285714285714285,0.8571428571428571,0.0646870112226142,0.14285714285714285
411,sgd-linear,0.5386666666666666,0.8230231600658255,0.27702902233477167,0.9076590165748966,0.22243065666563694,0.27702902233477167
412,dummy,0.2926666666666667,0.5,0.14285714285714285,0.8571428571428571,0.0646870112226142,0.14285714285714285
412,sgd-linear,0.5466666666666666,0.5692809840506005,0.27000541253171095,0.9091069217704943,0.20275391410075772,0.27000541253171095
413,dummy,0.2926666666666667,0.5,0.14285714285714285,0.8571428571428571,0.0646870112226142,0.14285714285714285
413,sgd-linear,0.5566666666666666,0.7716462574529025,0.2748376128172345,0.9109819865060759,0.20236995780334183,0.2748376128172345
414,dummy,0.2926666666666667,0.5,0.14285714285714285,0.8571428571428571,0.0646870112226142,0.14285714285714285
414,sgd-linear,0.5353333333333333,0.803387410023543,0.3483925975435009,0.9075337278721692,0.2953650626983563,0.3483925975435009
415,dummy,0.2926666666666667,0.5,0.14285714285714285,0.8571428571428571,0.0646870112226142,0.14285714285714285
415,sgd-linear,0.5266666666666666,0.7469284144352365,0.33037767409459473,0.9051385788993027,0.288800143370206,0.33037767409459473
416,dummy,0.2926666666666667,0.5,0.14285714285714285,0.8571428571428571,0.0646870112226142,0.14285714285714285
416,sgd-linear,0.45600000000000007,0.7758036090776189,0.36330787320203906,0.896695415258075,0.3390411604654315,0.36330787320203906
417,dummy,0.2926666666666667,0.5,0.14285714285714285,0.8571428571428571,0.0646870112226142,0.14285714285714285
417,sgd-linear,0.47733333333333333,0.7936730553432221,0.35619392199542205,0.9005338822368623,0.30415407219297863,0.35619392199542205
418,dummy,0.2926666666666667,0.5,0.14285714285714285,0.8571428571428571,0.0646870112226142,0.14285714285714285
418,sgd-linear,0.438,0.7377900162940172,0.31763682974996565,0.8912521296105075,0.30172319520816726,0.31763682974996565
419,dummy,0.2926666666666667,0.5,0.14285714285714285,0.8571428571428571,0.0646870112226142,0.14285714285714285
419,sgd-linear,0.39666666666666667,0.7614906647474258,0.21841230789186378,0.8794179291889375,0.18029722114773533,0.21841230789186378
420,dummy,0.2926666666666667,0.5,0.14285714285714285,0.8571428571428571,0.0646870112226142,0.14285714285714285
420,sgd-linear,0.5319999999999999,0.8329608571995442,0.2658973187291976,0.9062668021521916,0.20337397528779882,0.2658973187291976
421,dummy,0.2926666666666667,0.5,0.14285714285714285,0.8571428571428571,0.0646870112226142,0.14285714285714285
421,sgd-linear,0.5213333333333334,0.760321080029813,0.2572932368981711,0.9035808136303863,0.19188788178633948,0.2572932368981711
422,dummy,0.2926666666666667,0.5,0.14285714285714285,0.8571428571428571,0.0646870112226142,0.14285714285714285
422,sgd-linear,0.5546666666666666,0.6500485355917145,0.27387131407203114,0.9107247757698621,0.20633131003795158,0.27387131407203114
423,dummy,0.2926666666666667,0.5,0.14285714285714285,0.8571428571428571,0.0646870112226142,0.14285714285714285
423,sgd-linear,0.5286666666666667,0.6358630270185728,0.2609735756954965,0.9052725754177038,0.19136733143741402,0.2609735756954965
424,dummy,0.2926666666666667,0.5,0.14285714285714285,0.8571428571428571,0.0646870112226142,0.14285714285714285
424,sgd-linear,0.466,0.7157474088264992,0.26946150718299855,0.896290556969206,0.2184089774200153,0.26946150718299855
425,dummy,0.2926666666666667,0.5,0.14285714285714285,0.8571428571428571,0.0646870112226142,0.14285714285714285
425,sgd-linear,0.5113333333333333,0.8034238383740645,0.3095193687854886,0.9056652994616823,0.29359751382732036,0.3095193687854886
426,dummy,0.2926666666666667,0.5,0.14285714285714285,0.8571428571428571,0.0646870112226142,0.14285714285714285
426,sgd-linear,0.5306666666666666,0.7486692201163336,0.2661158179682167,0.905743507239354,0.2024553734986331,0.2661158179682167
427,dummy,0.2926666666666667,0.5,0.14285714285714285,0.8571428571428571,0.0646870112226142,0.14285714285714285
427,sgd-linear,0.5826666666666667,0.8245893395514818,0.3209712509492042,0.9177004420964247,0.2813389550578359,0.3209712509492042
428,dummy,0.2926666666666667,0.5,0.14285714285714285,0.8571428571428571,0.0646870112226142,0.14285714285714285
428,sgd-linear,0.42266666666666663,0.7882969833143809,0.23963197654024682,0.8881524504041958,0.20494931173653072,0.23963197654024682
429,dummy,0.2926666666666667,0.5,0.14285714285714285,0.8571428571428571,0.0646870112226142,0.14285714285714285
429,sgd-linear,0.45933333333333337,0.7828944750934108,0.31581251763778995,0.8953931564544984,0.29436647706002905,0.31581251763778995
430,dummy,0.2926666666666667,0.5,0.14285714285714285,0.8571428571428571,0.0646870112226142,0.14285714285714285
430,sgd-linear,0.5399999999999999,0.8308426039431478,0.2685420964639448,0.9086158794215455,0.21010782260215505,0.2685420964639448
431,dummy,0.2926666666666667,0.5,0.14285714285714285,0.8571428571428571,0.0646870112226142,0.14285714285714285
431,sgd-linear,0.46066666666666667,0.681296819031943,0.2654293830047031,0.8937961193491561,0.22341134139524793,0.2654293830047031
432,dummy,0.2926666666666667,0.5,0.14285714285714285,0.8571428571428571,0.0646870112226142,0.14285714285714285
432,sgd-linear,0.532,0.7745365943745017,0.34430473436463294,0.9081287242498007,0.33214486987212677,0.34430473436463294
433,dummy,0.2926666666666667,0.5,0.14285714285714285,0.8571428571428571,0.0646870112226142,0.14285714285714285
433,sgd-linear,0.44866666666666666,0.7690618109506456,0.3667560306879838,0.8916383917643108,0.3246738983728181,0.3667560306879838
434,dummy,0.2926666666666667,0.5,0.14285714285714285,0.8571428571428571,0.0646870112226142,0.14285714285714285
434,sgd-linear,0.5093333333333333,0.7352177233894758,0.3529084803953902,0.9040490514489182,0.33959452519476396,0.3529084803953902
435,dummy,0.2926666666666667,0.5,0.14285714285714285,0.8571428571428571,0.0646870112226142,0.14285714285714285
435,sgd-linear,0.386,0.7059801584584027,0.28378998587357473,0.8783752405998086,0.22488247627610472,0.28378998587357473
436,dummy,0.2926666666666667,0.5,0.14285714285714285,0.8571428571428571,0.0646870112226142,0.14285714285714285
436,sgd-linear,0.584,0.8498338213790037,0.322965454485052,0.9178751058940169,0.2839694917999623,0.322965454485052
437,dummy,0.2926666666666667,0.5,0.14285714285714285,0.8571428571428571,0.0646870112226142,0.14285714285714285
437,sgd-linear,0.45866666666666667,0.7217451014017244,0.3914851513252381,0.8937338187980755,0.3432902695294907,0.3914851513252381
438,dummy,0.2926666666666667,0.5,0.14285714285714285,0.8571428571428571,0.0646870112226142,0.14285714285714285
438,sgd-linear,0.43133333333333335,0.7296285230864241,0.21317459738871122,0.8857319686856127,0.15597582194117227,0.21317459738871122
439,dummy,0.2926666666666667,0.5,0.14285714285714285,0.8571428571428571,0.0646870112226142,0.14285714285714285
439,sgd-linear,0.4786666666666667,0.7875218268381572,0.314462285440991,0.900679190602491,0.28190648839170285,0.314462285440991
440,dummy,0.2926666666666667,0.5,0.14285714285714285,0.8571428571428571,0.0646870112226142,0.14285714285714285
440,sgd-linear,0.4893333333333333,0.725868290189404,0.24149731190865203,0.8973192363972794,0.17723695639271814,0.24149731190865203
441,dummy,0.2926666666666667,0.5,0.14285714285714285,0.8571428571428571,0.0646870112226142,0.14285714285714285
441,sgd-linear,0.5606666666666666,0.8052500241166884,0.30522544401821233,0.9146110666374646,0.26785409294606455,0.30522544401821233
442,dummy,0.2926666666666667,0.5,0.14285714285714285,0.8571428571428571,0.0646870112226142,0.14285714285714285
442,sgd-linear,0.5353333333333332,0.8349935875066535,0.2947196576086147,0.9078380713750456,0.24845218497343974,0.2947196576086147
443,dummy,0.2926666666666667,0.5,0.14285714285714285,0.8571428571428571,0.0646870112226142,0.14285714285714285
443,sgd-linear,0.5246666666666667,0.82837594347525,0.34204773883528594,0.9049994974254215,0.29700887407239274,0.34204773883528594
444,dummy,0.2926666666666667,0.5,0.14285714285714285,0.8571428571428571,0.0646870112226142,0.14285714285714285
444,sgd-linear,0.522,0.7577090747736404,0.34981248060449915,0.9040449853155724,0.30434037710354855,0.34981248060449915
445,dummy,0.2926666666666667,0.5,0.14285714285714285,0.8571428571428571,0.0646870112226142,0.14285714285714285
445,sgd-linear,0.5826666666666667,0.8198603865264349,0.32232357370876813,0.918502785063288,0.28427157056651564,0.32232357370876813
446,dummy,0.2926666666666667,0.5,0.14285714285714285,0.8571428571428571,0.0646870112226142,0.14285714285714285
446,sgd-linear,0.4673333333333334,0.7532480703249765,0.29384392025625106,0.8932608201930426,0.2619974037127548,0.29384392025625106
447,dummy,0.2926666666666667,0.5,0.14285714285714285,0.8571428571428571,0.0646870112226142,0.14285714285714285
447,sgd-linear,0.4966666666666667,0.7858958108678061,0.3312962940094061,0.9007629768845715,0.3147155966729273,0.3312962940094061
448,dummy,0.2926666666666667,0.5,0.14285714285714285,0.8571428571428571,0.0646870112226142,0.14285714285714285
448,sgd-linear,0.5453333333333333,0.8062404964049295,0.27041470803029816,0.9086825477141194,0.20303621865143237,0.27041470803029816
449,dummy,0.2926666666666667,0.5,0.14285714285714285,0.8571428571428571,0.0646870112226142,0.14285714285714285
449,sgd-linear,0.48933333333333334,0.7808207441211479,0.26172413956469803,0.8977845917589751,0.2156885907909473,0.26172413956469803
450,dummy,0.2926666666666667,0.5,0.14285714285714285,0.8571428571428571,0.0646870112226142,0.14285714285714285
450,sgd-linear,0.4373333333333333,0.7675663777722393,0.21768916466491825,0.8875739689086289,0.16628865146696464,0.21768916466491825
451,dummy,0.2926666666666667,0.5,0.14285714285714285,0.8571428571428571,0.0646870112226142,0.14285714285714285
451,sgd-linear,0.458,0.7548384254350236,0.22596406471023198,0.8909329539038542,0.16626548223811155,0.22596406471023198
452,dummy,0.2926666666666667,0.5,0.14285714285714285,0.8571428571428571,0.0646870112226142,0.14285714285714285
452,sgd-linear,0.5173333333333334,0.6104548336450337,0.2556176228601815,0.9033542693282332,0.19906342223987802,0.2556176228601815
453,dummy,0.2926666666666667,0.5,0.14285714285714285,0.8571428571428571,0.0646870112226142,0.14285714285714285
453,sgd-linear,0.44266666666666665,0.7101260924580728,0.3495436530014253,0.8928116698689618,0.29107113665654255,0.3495436530014253
454,dummy,0.2926666666666667,0.5,0.14285714285714285,0.8571428571428571,0.0646870112226142,0.14285714285714285
454,sgd-linear,0.5506666666666667,0.8452025088653631,0.3046705221342555,0.9122735019549173,0.2625187927239083,0.3046705221342555
455,dummy,0.2926666666666667,0.5,0.14285714285714285,0.8571428571428571,0.0646870112226142,0.14285714285714285
455,sgd-linear,0.5359999999999999,0.8273101200548387,0.270884962378429,0.9069003552427558,0.20787288574601215,0.270884962378429
456,dummy,0.2926666666666667,0.5,0.14285714285714285,0.8571428571428571,0.0646870112226142,0.14285714285714285
456,sgd-linear,0.3486666666666666,0.761044988888806,0.2572687940234051,0.8725555749530187,0.15729656841806358,0.2572687940234051
457,dummy,0.2926666666666667,0.5,0.14285714285714285,0.8571428571428571,0.0646870112226142,0.14285714285714285
457,sgd-linear,0.4833333333333334,0.8017132016065647,0.27121663359518916,0.8969600124699386,0.226957217655061,0.27121663359518916
458,dummy,0.2926666666666667,0.5,0.14285714285714285,0.8571428571428571,0.0646870112226142,0.14285714285714285
458,sgd-linear,0.5726666666666667,0.8369803349460282,0.30070087360483383,0.9147439013431748,0.26372543840756296,0.30070087360483383
459,dummy,0.2926666666666667,0.5,0.14285714285714285,0.8571428571428571,0.0646870112226142,0.14285714285714285
459,sgd-linear,0.5713333333333334,0.8225687514705055,0.3191053962154958,0.9142147193286198,0.27300372395435113,0.3191053962154958
460,dummy,0.2926666666666667,0.5,0.14285714285714285,0.8571428571428571,0.0646870112226142,0.14285714285714285
460,sgd-linear,0.42333333333333334,0.8044045361604761,0.32512788548654437,0.889715786207136,0.2630904717116349,0.32512788548654437
461,dummy,0.2926666666666667,0.5,0.14285714285714285,0.8571428571428571,0.0646870112226142,0.14285714285714285
461,sgd-linear,0.5006666666666666,0.7083645836073691,0.24703492200992083,0.8995846702325085,0.1810609984704908,0.24703492200992083
462,dummy,0.2926666666666667,0.5,0.14285714285714285,0.8571428571428571,0.0646870112226142,0.14285714285714285
462,sgd-linear,0.5806666666666668,0.7865307542629535,0.29774478253793313,0.9176414855149225,0.25723500772210806,0.29774478253793313
463,dummy,0.2926666666666667,0.5,0.14285714285714285,0.8571428571428571,0.0646870112226142,0.14285714285714285
463,sgd-linear,0.38466666666666666,0.7470347466441434,0.3142031336799015,0.8774844096090735,0.284540399922527,0.3142031336799015
464,dummy,0.2926666666666667,0.5,0.14285714285714285,0.8571428571428571,0.0646870112226142,0.14285714285714285
464,sgd-linear,0.524,0.7833940024716636,0.2586409736308316,0.9044374168500428,0.19148307154598815,0.2586409736308316
465,dummy,0.2926666666666667,0.5,0.14285714285714285,0.8571428571428571,0.0646870112226142,0.14285714285714285
465,sgd-linear,0.56,0.7570814492032832,0.30793925567986413,0.915053346216031,0.2682346942140886,0.30793925567986413
466,dummy,0.2926666666666667,0.5,0.14285714285714285,0.8571428571428571,0.0646870112226142,0.14285714285714285
466,sgd-linear,0.5626666666666666,0.8443800559686668,0.2778049973361073,0.9122747439048082,0.20677732413490407,0.2778049973361073
467,dummy,0.2926666666666667,0.5,0.14285714285714285,0.8571428571428571,0.0646870112226142,0.14285714285714285
467,sgd-linear,0.5486666666666666,0.8017114738345736,0.28323303471789874,0.9103899027250322,0.24221765992587008,0.28323303471789874
468,dummy,0.2926666666666667,0.5,0.14285714285714285,0.8571428571428571,0.0646870112226142,0.14285714285714285
468,sgd-linear,0.5753333333333334,0.8136632176231476,0.3479822563712369,0.9159259477672945,0.29075156905411165,0.3479822563712369
469,dummy,0.2926666666666667,0.5,0.14285714285714285,0.8571428571428571,0.0646870112226142,0.14285714285714285
469,sgd-linear,0.5033333333333333,0.7659281786375333,0.3661995768431524,0.9051875398171235,0.3187274665437233,0.3661995768431524
470,dummy,0.2926666666666667,0.5,0.14285714285714285,0.8571428571428571,0.0646870112226142,0.14285714285714285
470,sgd-linear,0.516,0.7353402147234711,0.28348576401715697,0.9028000139323747,0.2295610488850873,0.28348576401715697
471,dummy,0.2926666666666667,0.5,0.14285714285714285,0.8571428571428571,0.0646870112226142,0.14285714285714285
471,sgd-linear,0.4253333333333334,0.7721598568436924,0.3232760075617559,0.8897963326384948,0.27352872316221716,0.3232760075617559
472,dummy,0.2926666666666667,0.5,0.14285714285714285,0.8571428571428571,0.0646870112226142,0.14285714285714285
472,sgd-linear,0.42400000000000004,0.7695183599621672,0.3380940656908242,0.8890389523486754,0.28721794562645386,0.3380940656908242
473,dummy,0.2926666666666667,0.5,0.14285714285714285,0.8571428571428571,0.0646870112226142,0.14285714285714285
473,sgd-linear,0.5506666666666667,0.8156091174155857,0.3407041024764502,0.9111767938893761,0.2885039305005611,0.3407041024764502
474,dummy,0.2926666666666667,0.5,0.14285714285714285,0.8571428571428571,0.0646870112226142,0.14285714285714285
474,sgd-linear,0.49800000000000005,0.7298262523394992,0.24569437952333373,0.8991234493305569,0.18022942366005065,0.24569437952333373
475,dummy,0.2926666666666667,0.5,0.14285714285714285,0.8571428571428571,0.0646870112226142,0.14285714285714285
475,sgd-linear,0.5386666666666666,0.762109606199147,0.3368684917963558,0.9076939421947307,0.2870737429294998,0.3368684917963558
476,dummy,0.2926666666666667,0.5,0.14285714285714285,0.8571428571428571,0.0646870112226142,0.14285714285714285
476,sgd-linear,0.5166666666666667,0.7814166061418097,0.26379839890076223,0.9029233494096083,0.2039570110168763,0.26379839890076223
477,dummy,0.2926666666666667,0.5,0.14285714285714285,0.8571428571428571,0.0646870112226142,0.14285714285714285
477,sgd-linear,0.5453333333333334,0.7512173245370677,0.26921198092125964,0.9088002617204953,0.20108100119905248,0.26921198092125964
478,dummy,0.2926666666666667,0.5,0.14285714285714285,0.8571428571428571,0.0646870112226142,0.14285714285714285
478,sgd-linear,0.35533333333333333,0.7154020064615405,0.2370499699432767,0.8725127012529674,0.22006719315621712,0.2370499699432767
479,dummy,0.2926666666666667,0.5,0.14285714285714285,0.8571428571428571,0.0646870112226142,0.14285714285714285
479,sgd-linear,0.41600000000000004,0.6961336810911458,0.3093251883810277,0.8850108529877211,0.26076224859156916,0.3093251883810277
480,dummy,0.2926666666666667,0.5,0.14285714285714285,0.8571428571428571,0.0646870112226142,0.14285714285714285
480,sgd-linear,0.4846666666666667,0.7881951427442189,0.3280819719944703,0.8975017440790829,0.27706721532774764,0.3280819719944703
481,dummy,0.2926666666666667,0.5,0.14285714285714285,0.8571428571428571,0.0646870112226142,0.14285714285714285
481,sgd-linear,0.5146666666666666,0.5736513024275569,0.2541449915243491,0.9025964661621753,0.18819479384163582,0.2541449915243491
482,dummy,0.2926666666666667,0.5,0.14285714285714285,0.8571428571428571,0.0646870112226142,0.14285714285714285
482,sgd-linear,0.572,0.8238909806593064,0.30951140147260375,0.9156980254448633,0.2727589098651758,0.30951140147260375
483,dummy,0.2926666666666667,0.5,0.14285714285714285,0.8571428571428571,0.0646870112226142,0.14285714285714285
483,sgd-linear,0.5546666666666666,0.7451860891567408,0.2737802669365479,0.9104776726337667,0.20078443162238027,0.2737802669365479
484,dummy,0.2926666666666667,0.5,0.14285714285714285,0.8571428571428571,0.0646870112226142,0.14285714285714285
484,sgd-linear,0.5333333333333333,0.5966408981567921,0.2633754593913092,0.9064115043107837,0.19698507749083344,0.2633754593913092
485,dummy,0.2926666666666667,0.5,0.14285714285714285,0.8571428571428571,0.0646870112226142,0.14285714285714285
485,sgd-linear,0.4786666666666667,0.7989692174053025,0.36226355620413436,0.8980853597671086,0.331609877028504,0.36226355620413436
486,dummy,0.2926666666666667,0.5,0.14285714285714285,0.8571428571428571,0.0646870112226142,0.14285714285714285
486,sgd-linear,0.5186666666666666,0.7810378903806351,0.30183047173329736,0.9032336092641545,0.2567121421664417,0.30183047173329736
487,dummy,0.2926666666666667,0.5,0.14285714285714285,0.8571428571428571,0.0646870112226142,0.14285714285714285
487,sgd-linear,0.5573333333333333,0.8450645417889515,0.2790279094874272,0.9124291339200641,0.22231373382325867,0.2790279094874272
488,dummy,0.2926666666666667,0.5,0.14285714285714285,0.8571428571428571,0.0646870112226142,0.14285714285714285
488,sgd-linear,0.476,0.7604890030300595,0.3113033021038115,0.8965245002703333,0.25478594015119305,0.3113033021038115
489,dummy,0.2926666666666667,0.5,0.14285714285714285,0.8571428571428571,0.0646870112226142,0.14285714285714285
489,sgd-linear,0.4826666666666667,0.7924621651579374,0.24633725433017856,0.8962456877502006,0.1930180833214843,0.24633725433017856
490,dummy,0.2926666666666667,0.5,0.14285714285714285,0.8571428571428571,0.0646870112226142,0.14285714285714285
490,sgd-linear,0.47666666666666674,0.8210307397558811,0.23505888846753983,0.8947556224367343,0.17217847430849673,0.23505888846753983
491,dummy,0.2926666666666667,0.5,0.14285714285714285,0.8571428571428571,0.0646870112226142,0.14285714285714285
491,sgd-linear,0.38533333333333336,0.6656401696131147,0.2591073638629878,0.8806308860130478,0.20727912186350267,0.2591073638629878
492,dummy,0.2926666666666667,0.5,0.14285714285714285,0.8571428571428571,0.0646870112226142,0.14285714285714285
492,sgd-linear,0.47133333333333327,0.6737530978549845,0.23221081040129107,0.8933485729683497,0.17824308771460093,0.23221081040129107
493,dummy,0.2926666666666667,0.5,0.14285714285714285,0.8571428571428571,0.0646870112226142,0.14285714285714285
493,sgd-linear,0.5053333333333333,0.8352995098070828,0.25182144649067617,0.9007988742470567,0.18974052893295007,0.25182144649067617
494,dummy,0.2926666666666667,0.5,0.14285714285714285,0.8571428571428571,0.0646870112226142,0.14285714285714285
494,sgd-linear,0.53,0.5751960747106362,0.26177508781452363,0.9057759982737232,0.19715831244957677,0.26177508781452363
495,dummy,0.2926666666666667,0.5,0.14285714285714285,0.8571428571428571,0.0646870112226142,0.14285714285714285
495,sgd-linear,0.43466666666666665,0.7145036113671128,0.21414979245325014,0.8862713162809879,0.15569984870189119,0.21414979245325014
496,dummy,0.2926666666666667,0.5,0.14285714285714285,0.8571428571428571,0.0646870112226142,0.14285714285714285
496,sgd-linear,0.5126666666666667,0.8247772660317387,0.32402871755978035,0.9020871865302947,0.2819852459149944,0.32402871755978035
497,dummy,0.2926666666666667,0.5,0.14285714285714285,0.8571428571428571,0.0646870112226142,0.14285714285714285
497,sgd-linear,0.4,0.7245557411986342,0.2355338421421603,0.8832466634613001,0.17373087859425868,0.2355338421421603
498,dummy,0.2926666666666667,0.5,0.14285714285714285,0.8571428571428571,0.0646870112226142,0.14285714285714285
498,sgd-linear,0.4993333333333333,0.7655039294112175,0.28446349670581944,0.9025518603599192,0.2367734419578254,0.28446349670581944
499,dummy,0.2926666666666667,0.5,0.14285714285714285,0.8571428571428571,0.0646870112226142,0.14285714285714285
499,sgd-linear,0.45866666666666667,0.7417035146856517,0.2865150183034989,0.8921199279621395,0.24884543196234493,0.2865150183034989
500,dummy,0.2926666666666667,0.5,0.14285714285714285,0.8571428571428571,0.0646870112226142,0.14285714285714285
500,sgd-linear,0.4493333333333333,0.7023469593527458,0.30730361576722254,0.8897910189559453,0.26471721491037414,0.30730361576722254
501,dummy,0.2926666666666667,0.5,0.14285714285714285,0.8571428571428571,0.0646870112226142,0.14285714285714285
501,sgd-linear,0.538,0.8140704961388527,0.2656632010535497,0.9073033590568768,0.19728579383905245,0.2656632010535497
502,dummy,0.2926666666666667,0.5,0.14285714285714285,0.8571428571428571,0.0646870112226142,0.14285714285714285
502,sgd-linear,0.5706666666666667,0.8474189879682081,0.3868360190780812,0.9154032818589085,0.3526739773835518,0.3868360190780812
503,dummy,0.2926666666666667,0.5,0.14285714285714285,0.8571428571428571,0.0646870112226142,0.14285714285714285
503,sgd-linear,0.512,0.7894388542759041,0.2536206709002844,0.9020342331896526,0.1900667987405456,0.2536206709002844
504,dummy,0.2926666666666667,0.5,0.14285714285714285,0.8571428571428571,0.0646870112226142,0.14285714285714285
504,sgd-linear,0.5373333333333333,0.811623287087496,0.26693172470562915,0.9070575019082966,0.19919127343366405,0.26693172470562915
505,dummy,0.2926666666666667,0.5,0.14285714285714285,0.8571428571428571,0.0646870112226142,0.14285714285714285
505,sgd-linear,0.45666666666666667,0.6419604147517382,0.22531533076888985,0.8906841503667495,0.16559440394205804,0.22531533076888985
506,dummy,0.2926666666666667,0.5,0.14285714285714285,0.8571428571428571,0.0646870112226142,0.14285714285714285
506,sgd-linear,0.6073333333333334,0.8838878274877946,0.3214555776075063,0.9219699006331386,0.2816227419614078,0.3214555776075063
507,dummy,0.2926666666666667,0.5,0.14285714285714285,0.8571428571428571,0.0646870112226142,0.14285714285714285
507,sgd-linear,0.42800000000000005,0.7627049416126089,0.2872895828118641,0.8860145329780451,0.2409178982922223,0.2872895828118641
508,dummy,0.2926666666666667,0.5,0.14285714285714285,0.8571428571428571,0.0646870112226142,0.14285714285714285
508,sgd-linear,0.5646666666666667,0.8334461305680106,0.28133083307926465,0.9127544352972071,0.2160769478151749,0.28133083307926465
509,dummy,0.2926666666666667,0.5,0.14285714285714285,0.8571428571428571,0.0646870112226142,0.14285714285714285
509,sgd-linear,0.4206666666666667,0.8116907880742827,0.256534069465017,0.8864761905236657,0.20390606518653293,0.256534069465017
510,dummy,0.2926666666666667,0.5,0.14285714285714285,0.8571428571428571,0.0646870112226142,0.14285714285714285
510,sgd-linear,0.47133333333333327,0.7741357497126259,0.3049870209726186,0.8959899748416774,0.29360389029063405,0.3049870209726186
511,dummy,0.2926666666666667,0.5,0.14285714285714285,0.8571428571428571,0.0646870112226142,0.14285714285714285
511,sgd-linear,0.5286666666666667,0.841548625654616,0.2660317181233262,0.9054368218002182,0.2041130875899157,0.2660317181233262
512,dummy,0.2926666666666667,0.5,0.14285714285714285,0.8571428571428571,0.0646870112226142,0.14285714285714285
512,sgd-linear,0.4093333333333334,0.7684942766909639,0.20969011525292483,0.8826303636038191,0.1631548337688196,0.20969011525292483
513,dummy,0.2926666666666667,0.5,0.14285714285714285,0.8571428571428571,0.0646870112226142,0.14285714285714285
513,sgd-linear,0.46799999999999997,0.7376384854703897,0.3135517157654051,0.8933347293243269,0.27463165998430916,0.3135517157654051
514,dummy,0.2926666666666667,0.5,0.14285714285714285,0.8571428571428571,0.0646870112226142,0.14285714285714285
514,sgd-linear,0.4793333333333334,0.7515392446367046,0.2578749045242748,0.8958692196203376,0.2087945539927319,0.2578749045242748
515,dummy,0.2926666666666667,0.5,0.14285714285714285,0.8571428571428571,0.0646870112226142,0.14285714285714285
515,sgd-linear,0.5439999999999999,0.8208417833012895,0.30392017399463134,0.909796042685555,0.26722698400965716,0.30392017399463134
516,dummy,0.2926666666666667,0.5,0.14285714285714285,0.8571428571428571,0.0646870112226142,0.14285714285714285
516,sgd-linear,0.4793333333333334,0.6089090325262692,0.2737651065920895,0.8979199893864541,0.22081606475547355,0.2737651065920895
517,dummy,0.2926666666666667,0.5,0.14285714285714285,0.8571428571428571,0.0646870112226142,0.14285714285714285
517,sgd-linear,0.4793333333333333,0.7481498241521146,0.3388026962994327,0.9001199189886624,0.30434272577989346,0.3388026962994327
518,dummy,0.2926666666666667,0.5,0.14285714285714285,0.8571428571428571,0.0646870112226142,0.14285714285714285
518,sgd-linear,0.37,0.750388522531005,0.27862953907833143,0.8751508801616896,0.2180755185907019,0.27862953907833143
519,dummy,0.2926666666666667,0.5,0.14285714285714285,0.8571428571428571,0.0646870112226142,0.14285714285714285
519,sgd-linear,0.4413333333333333,0.8107186673099316,0.2857324588066977,0.8901762099435604,0.22855023927011747,0.2857324588066977
520,dummy,0.2926666666666667,0.5,0.14285714285714285,0.8571428571428571,0.0646870112226142,0.14285714285714285
520,sgd-linear,0.48,0.7828704359983732,0.3551356582000008,0.8987624132041218,0.32415435787531577,0.3551356582000008
521,dummy,0.2926666666666667,0.5,0.14285714285714285,0.8571428571428571,0.0646870112226142,0.14285714285714285
521,sgd-linear,0.5713333333333332,0.8658074783395874,0.37463760093233184,0.915877898720305,0.30429839139606835,0.37463760093233184
522,dummy,0.2926666666666667,0.5,0.14285714285714285,0.8571428571428571,0.0646870112226142,0.14285714285714285
522,sgd-linear,0.45199999999999996,0.7777250207673738,0.3001102193421593,0.8908399490935448,0.2505712752515401,0.3001102193421593
523,dummy,0.2926666666666667,0.5,0.14285714285714285,0.8571428571428571,0.0646870112226142,0.14285714285714285
523,sgd-linear,0.582,0.8007961402786684,0.32069616215125807,0.9178220138756974,0.281992723258433,0.32069616215125807
524,dummy,0.2926666666666667,0.5,0.14285714285714285,0.8571428571428571,0.0646870112226142,0.14285714285714285
524,sgd-linear,0.5913333333333333,0.8553695516350173,0.3236487703870872,0.9194183023320763,0.29146642571984505,0.3236487703870872
525,dummy,0.2926666666666667,0.5,0.14285714285714285,0.8571428571428571,0.0646870112226142,0.14285714285714285
525,sgd-linear,0.564,0.749782472672746,0.35635857779237184,0.9126437827727736,0.30681965322495847,0.35635857779237184
526,dummy,0.2926666666666667,0.5,0.14285714285714285,0.8571428571428571,0.0646870112226142,0.14285714285714285
526,sgd-linear,0.5933333333333333,0.8371166386466516,0.32449240637154164,0.9206315205389084,0.28879676700119195,0.32449240637154164
527,dummy,0.2926666666666667,0.5,0.14285714285714285,0.8571428571428571,0.0646870112226142,0.14285714285714285
527,sgd-linear,0.5553333333333333,0.8338372006228765,0.3356672508375419,0.9115083754636188,0.281109158290332,0.3356672508375419
528,dummy,0.2926666666666667,0.5,0.14285714285714285,0.8571428571428571,0.0646870112226142,0.14285714285714285
528,sgd-linear,0.532,0.8129740366209373,0.3290776770964516,0.9067633713913651,0.27983945103764524,0.3290776770964516
529,dummy,0.2926666666666667,0.5,0.14285714285714285,0.8571428571428571,0.0646870112226142,0.14285714285714285
529,sgd-linear,0.5213333333333334,0.7907063433860427,0.26282722768222333,0.9056767128668852,0.21721546723713142,0.26282722768222333
530,dummy,0.2926666666666667,0.5,0.14285714285714285,0.8571428571428571,0.0646870112226142,0.14285714285714285
530,sgd-linear,0.5366666666666666,0.8100156283961658,0.26499892586618373,0.9070501618270244,0.1974086348637428,0.26499892586618373
531,dummy,0.2926666666666667,0.5,0.14285714285714285,0.8571428571428571,0.0646870112226142,0.14285714285714285
531,sgd-linear,0.5846666666666668,0.8450841102793017,0.29790038958685194,0.9185657729727265,0.2490754821045042,0.29790038958685194
532,dummy,0.2926666666666667,0.5,0.14285714285714285,0.8571428571428571,0.0646870112226142,0.14285714285714285
532,sgd-linear,0.5633333333333332,0.8185507394213591,0.2781069310424468,0.912415777101895,0.20751812263426253,0.2781069310424468
533,dummy,0.2926666666666667,0.5,0.14285714285714285,0.8571428571428571,0.0646870112226142,0.14285714285714285
533,sgd-linear,0.4806666666666667,0.7757064295867122,0.3200856488983287,0.8957628082621006,0.2802504643680267,0.3200856488983287
534,dummy,0.2926666666666667,0.5,0.14285714285714285,0.8571428571428571,0.0646870112226142,0.14285714285714285
534,sgd-linear,0.39133333333333337,0.7726119931741884,0.33368768662927273,0.8817010315845227,0.3098594036911919,0.33368768662927273
535,dummy,0.2926666666666667,0.5,0.14285714285714285,0.8571428571428571,0.0646870112226142,0.14285714285714285
535,sgd-linear,0.508,0.7615945511089889,0.280215886280075,0.9036794859699853,0.2438654575329567,0.280215886280075
536,dummy,0.2926666666666667,0.5,0.14285714285714285,0.8571428571428571,0.0646870112226142,0.14285714285714285
536,sgd-linear,0.5479999999999999,0.7967068448607686,0.3510542197973209,0.909184102768708,0.3040296863941458,0.3510542197973209
537,dummy,0.2926666666666667,0.5,0.14285714285714285,0.8571428571428571,0.0646870112226142,0.14285714285714285
537,sgd-linear,0.44333333333333336,0.7795519832542945,0.2897902175313722,0.8913719581785331,0.27384127661061186,0.2897902175313722
538,dummy,0.2926666666666667,0.5,0.14285714285714285,0.8571428571428571,0.0646870112226142,0.14285714285714285
538,sgd-linear,0.532,0.7566119547346002,0.2626736078990902,0.9057880681119631,0.1942739529472633,0.2626736078990902
539,dummy,0.2926666666666667,0.5,0.14285714285714285,0.8571428571428571,0.0646870112226142,0.14285714285714285
539,sgd-linear,0.562,0.5959360924903152,0.2775067924669321,0.9122669282870479,0.2124025550028395,0.2775067924669321
540,dummy,0.2926666666666667,0.5,0.14285714285714285,0.8571428571428571,0.0646870112226142,0.14285714285714285
540,sgd-linear,0.5640000000000001,0.8241534772807808,0.29818606654908514,0.9124747473681809,0.2428665209015203,0.29818606654908514
541,dummy,0.2926666666666667,0.5,0.14285714285714285,0.8571428571428571,0.0646870112226142,0.14285714285714285
541,sgd-linear,0.5566666666666666,0.8079704448675773,0.2748071470331955,0.9110448520289308,0.20386930790761565,0.2748071470331955
542,dummy,0.2926666666666667,0.5,0.14285714285714285,0.8571428571428571,0.0646870112226142,0.14285714285714285
542,sgd-linear,0.4206666666666667,0.760922806898245,0.2981243254756157,0.8854280469169897,0.23786552914498213,0.2981243254756157
543,dummy,0.2926666666666667,0.5,0.14285714285714285,0.8571428571428571,0.0646870112226142,0.14285714285714285
543,sgd-linear,0.5306666666666666,0.8327738005959899,0.303520016156933,0.9062385925570888,0.2544647347319692,0.303520016156933
544,dummy,0.2926666666666667,0.5,0.14285714285714285,0.8571428571428571,0.0646870112226142,0.14285714285714285
544,sgd-linear,0.5073333333333333,0.7912996205027225,0.27942278672249793,0.9039917289091128,0.23890386426259771,0.27942278672249793
545,dummy,0.2926666666666667,0.5,0.14285714285714285,0.8571428571428571,0.0646870112226142,0.14285714285714285
545,sgd-linear,0.6093333333333334,0.8255633953149187,0.3315801027017668,0.9239055531928884,0.2886673377013011,0.3315801027017668
546,dummy,0.2926666666666667,0.5,0.14285714285714285,0.8571428571428571,0.0646870112226142,0.14285714285714285
546,sgd-linear,0.59,0.8432091085267638,0.3829943274793256,0.9217563638244679,0.3553355389565155,0.3829943274793256
547,dummy,0.2926666666666667,0.5,0.14285714285714285,0.8571428571428571,0.0646870112226142,0.14285714285714285
547,sgd-linear,0.3473333333333333,0.7869189536287051,0.34305340056159983,0.8708806089618213,0.2889560330302288,0.34305340056159983
548,dummy,0.2926666666666667,0.5,0.14285714285714285,0.8571428571428571,0.0646870112226142,0.14285714285714285
548,sgd-linear,0.40533333333333327,0.7373256094489269,0.2944112085437396,0.8815667460284315,0.27417550947815084,0.2944112085437396
549,dummy,0.2926666666666667,0.5,0.14285714285714285,0.8571428571428571,0.0646870112226142,0.14285714285714285
549,sgd-linear,0.5406666666666667,0.6659310378942778,0.26688995172319857,0.907797755105966,0.19746771139301622,0.26688995172319857
550,dummy,0.2926666666666667,0.5,0.14285714285714285,0.8571428571428571,0.0646870112226142,0.14285714285714285
550,sgd-linear,0.5546666666666666,0.825311243296003,0.32973045673762685,0.9105033597500203,0.2809979187668293,0.32973045673762685
551,dummy,0.2926666666666667,0.5,0.14285714285714285,0.8571428571428571,0.0646870112226142,0.14285714285714285
551,sgd-linear,0.4926666666666667,0.6330792455281892,0.27531742535132714,0.9001810807315855,0.23590622850737017,0.27531742535132714
552,dummy,0.2926666666666667,0.5,0.14285714285714285,0.8571428571428571,0.0646870112226142,0.14285714285714285
552,sgd-linear,0.5199999999999999,0.8293064098223345,0.28872943809105156,0.9059483801931897,0.2529615849223214,0.28872943809105156
553,dummy,0.2926666666666667,0.5,0.14285714285714285,0.8571428571428571,0.0646870112226142,0.14285714285714285
553,sgd-linear,0.5653333333333332,0.7881685147734567,0.3656852990084275,0.913299911260132,0.3096705541645696,0.3656852990084275
554,dummy,0.2926666666666667,0.5,0.14285714285714285,0.8571428571428571,0.0646870112226142,0.14285714285714285
554,sgd-linear,0.5746666666666667,0.8646741521303914,0.28763611080542617,0.916578652758472,0.23193766379172537,0.28763611080542617
555,dummy,0.2926666666666667,0.5,0.14285714285714285,0.8571428571428571,0.0646870112226142,0.14285714285714285
555,sgd-linear,0.47666666666666674,0.6034696048639305,0.2679001719979075,0.8968347715921368,0.22132362536919015,0.2679001719979075
556,dummy,0.2926666666666667,0.5,0.14285714285714285,0.8571428571428571,0.0646870112226142,0.14285714285714285
556,sgd-linear,0.4246666666666667,0.7061423351677046,0.2814578922186356,0.8850515759304983,0.24548305754437366,0.2814578922186356
557,dummy,0.2926666666666667,0.5,0.14285714285714285,0.8571428571428571,0.0646870112226142,0.14285714285714285
557,sgd-linear,0.5639999999999998,0.8212130685251147,0.30187239806156785,0.914145054066579,0.26756629859438896,0.30187239806156785
558,dummy,0.2926666666666667,0.5,0.14285714285714285,0.8571428571428571,0.0646870112226142,0.14285714285714285
558,sgd-linear,0.472,0.7846835844201929,0.34794665131796726,0.8969960436410058,0.31440910272312106,0.34794665131796726
559,dummy,0.2926666666666667,0.5,0.14285714285714285,0.8571428571428571,0.0646870112226142,0.14285714285714285
559,sgd-linear,0.5593333333333333,0.8061056114262982,0.3038574160193105,0.9122795521708374,0.25603066387315027,0.3038574160193105
560,dummy,0.2926666666666667,0.5,0.14285714285714285,0.8571428571428571,0.0646870112226142,0.14285714285714285
560,sgd-linear,0.45999999999999996,0.7424797784310309,0.33071629109009215,0.8955287601867447,0.2938223205826487,0.33071629109009215
561,dummy,0.2926666666666667,0.5,0.14285714285714285,0.8571428571428571,0.0646870112226142,0.14285714285714285
561,sgd-linear,0.46466666666666673,0.8048288701083693,0.3277480502771294,0.8935332430902833,0.2670417788067845,0.3277480502771294
562,dummy,0.2926666666666667,0.5,0.14285714285714285,0.8571428571428571,0.0646870112226142,0.14285714285714285
562,sgd-linear,0.37,0.7382006603844625,0.2719501002433539,0.8742327666452334,0.23138946143392486,0.2719501002433539
563,dummy,0.2926666666666667,0.5,0.14285714285714285,0.8571428571428571,0.0646870112226142,0.14285714285714285
563,sgd-linear,0.5653333333333334,0.8304554314058465,0.3236259000962475,0.9150168702835014,0.29562686912150415,0.3236259000962475
564,dummy,0.2926666666666667,0.5,0.14285714285714285,0.8571428571428571,0.0646870112226142,0.14285714285714285
564,sgd-linear,0.546,0.7955060512982552,0.2763271494007179,0.9094161726379175,0.22623175037150847,0.2763271494007179
565,dummy,0.2926666666666667,0.5,0.14285714285714285,0.8571428571428571,0.0646870112226142,0.14285714285714285
565,sgd-linear,0.49866666666666665,0.7032665492867916,0.2460345123687734,0.8991872175313544,0.18023307086376303,0.2460345123687734
566,dummy,0.2926666666666667,0.5,0.14285714285714285,0.8571428571428571,0.0646870112226142,0.14285714285714285
566,sgd-linear,0.522,0.7964056415030472,0.29214086847985915,0.9054804773623001,0.2553112276389454,0.29214086847985915
567,dummy,0.2926666666666667,0.5,0.14285714285714285,0.8571428571428571,0.0646870112226142,0.14285714285714285
567,sgd-linear,0.5559999999999999,0.7889889171605703,0.31018307011627205,0.9130289347966405,0.26897975159831505,0.31018307011627205
568,dummy,0.2926666666666667,0.5,0.14285714285714285,0.8571428571428571,0.0646870112226142,0.14285714285714285
568,sgd-linear,0.45,0.7670690743571201,0.2382587665317486,0.8910155305350711,0.2039867251609106,0.2382587665317486
569,dummy,0.2926666666666667,0.5,0.14285714285714285,0.8571428571428571,0.0646870112226142,0.14285714285714285
569,sgd-linear,0.6033333333333334,0.8031773639192352,0.31881103371235725,0.9213864590568892,0.28451158364590884,0.31881103371235725
570,dummy,0.2926666666666667,0.5,0.14285714285714285,0.8571428571428571,0.0646870112226142,0.14285714285714285
570,sgd-linear,0.39,0.7703788095292787,0.3265178666927136,0.8816408441775296,0.2936154898199458,0.3265178666927136
571,dummy,0.2926666666666667,0.5,0.14285714285714285,0.8571428571428571,0.0646870112226142,0.14285714285714285
571,sgd-linear,0.5993333333333333,0.8325699727503828,0.39417635995051764,0.9217015683826851,0.376449775308433,0.39417635995051764
572,dummy,0.2926666666666667,0.5,0.14285714285714285,0.8571428571428571,0.0646870112226142,0.14285714285714285
572,sgd-linear,0.5539999999999999,0.8640283362204333,0.2953436435204443,0.9102882436047117,0.2402201056609543,0.2953436435204443
573,dummy,0.2926666666666667,0.5,0.14285714285714285,0.8571428571428571,0.0646870112226142,0.14285714285714285
573,sgd-linear,0.558,0.7750515795333162,0.3032569616021666,0.9117208289219161,0.2598807308900138,0.3032569616021666
574,dummy,0.2926666666666667,0.5,0.14285714285714285,0.8571428571428571,0.0646870112226142,0.14285714285714285
574,sgd-linear,0.4953333333333333,0.7640935955114181,0.3400828209585699,0.8991894163322607,0.2868535807295995,0.3400828209585699
575,dummy,0.2926666666666667,0.5,0.14285714285714285,0.8571428571428571,0.0646870112226142,0.14285714285714285
575,sgd-linear,0.5519999999999999,0.7657121971422125,0.27257252598495113,0.9100460830566627,0.2006670425970694,0.27257252598495113
576,dummy,0.2926666666666667,0.5,0.14285714285714285,0.8571428571428571,0.0646870112226142,0.14285714285714285
576,sgd-linear,0.5586666666666666,0.8024246265258108,0.367552879478442,0.9115346607303243,0.3209444823419209,0.367552879478442
577,dummy,0.2926666666666667,0.5,0.14285714285714285,0.8571428571428571,0.0646870112226142,0.14285714285714285
577,sgd-linear,0.522,0.8281897791301424,0.2576967967328362,0.9040519040037047,0.1905763068595442,0.2576967967328362
578,dummy,0.2926666666666667,0.5,0.14285714285714285,0.8571428571428571,0.0646870112226142,0.14285714285714285
578,sgd-linear,0.532,0.8401490184536045,0.2714907102059798,0.9060696181754538,0.21070451143600874,0.2714907102059798
579,dummy,0.2926666666666667,0.5,0.14285714285714285,0.8571428571428571,0.0646870112226142,0.14285714285714285
579,sgd-linear,0.4333333333333333,0.7949845226204546,0.3306335293804886,0.8924801786012571,0.28184748555919886,0.3306335293804886
580,dummy,0.2926666666666667,0.5,0.14285714285714285,0.8571428571428571,0.0646870112226142,0.14285714285714285
580,sgd-linear,0.5533333333333335,0.791265016279928,0.27969879725064306,0.9108961879870543,0.22869479214330815,0.27969879725064306
581,dummy,0.2926666666666667,0.5,0.14285714285714285,0.8571428571428571,0.0646870112226142,0.14285714285714285
581,sgd-linear,0.5426666666666666,0.7739650784331931,0.2682285955057635,0.9083686921529868,0.20455333751146715,0.2682285955057635
582,dummy,0.2926666666666667,0.5,0.14285714285714285,0.8571428571428571,0.0646870112226142,0.14285714285714285
582,sgd-linear,0.394,0.7356814763338884,0.19455741806819687,0.8781087991673404,0.14295880897902757,0.19455741806819687
583,dummy,0.2926666666666667,0.5,0.14285714285714285,0.8571428571428571,0.0646870112226142,0.14285714285714285
583,sgd-linear,0.4413333333333333,0.7518477469144497,0.3181464194860556,0.8921697125192761,0.29408729252088195,0.3181464194860556
584,dummy,0.2926666666666667,0.5,0.14285714285714285,0.8571428571428571,0.0646870112226142,0.14285714285714285
584,sgd-linear,0.42333333333333323,0.7572159397571835,0.2981081011539995,0.8838976192238267,0.26467446799068606,0.2981081011539995
585,dummy,0.2926666666666667,0.5,0.14285714285714285,0.8571428571428571,0.0646870112226142,0.14285714285714285
585,sgd-linear,0.5566666666666666,0.839414960431306,0.2748377925202304,0.9110297140483226,0.20341645781631784,0.2748377925202304
586,dummy,0.2926666666666667,0.5,0.14285714285714285,0.8571428571428571,0.0646870112226142,0.14285714285714285
586,sgd-linear,0.5693333333333334,0.8629673458084856,0.28376073557466175,0.9154086674217234,0.22534824884576393,0.28376073557466175
587,dummy,0.2926666666666667,0.5,0.14285714285714285,0.8571428571428571,0.0646870112226142,0.14285714285714285
587,sgd-linear,0.43933333333333335,0.7838759165521237,0.31964447130817936,0.889155755721432,0.29792818122322107,0.31964447130817936
588,dummy,0.2926666666666667,0.5,0.14285714285714285,0.8571428571428571,0.0646870112226142,0.14285714285714285
588,sgd-linear,0.5313333333333333,0.7854683258868717,0.26241680108654963,0.9059820594601662,0.1952976185873982,0.26241680108654963
589,dummy,0.2926666666666667,0.5,0.14285714285714285,0.8571428571428571,0.0646870112226142,0.14285714285714285
589,sgd-linear,0.4806666666666667,0.7975013550316703,0.23708244630505115,0.8957792242573769,0.1745497225709224,0.23708244630505115
590,dummy,0.2926666666666667,0.5,0.14285714285714285,0.8571428571428571,0.0646870112226142,0.14285714285714285
590,sgd-linear,0.5013333333333334,0.8066440959245552,0.249449024595891,0.8999175253854256,0.19006679874315244,0.249449024595891
591,dummy,0.2926666666666667,0.5,0.14285714285714285,0.8571428571428571,0.0646870112226142,0.14285714285714285
591,sgd-linear,0.43133333333333324,0.7799092904680408,0.3749968856245568,0.8885936044428784,0.32667515553330745,0.3749968856245568
592,dummy,0.2926666666666667,0.5,0.14285714285714285,0.8571428571428571,0.0646870112226142,0.14285714285714285
592,sgd-linear,0.55,0.8093942259758704,0.27153018836753917,0.9096958483605351,0.2011415170606151,0.27153018836753917
593,dummy,0.2926666666666667,0.5,0.14285714285714285,0.8571428571428571,0.0646870112226142,0.14285714285714285
593,sgd-linear,0.48133333333333334,0.6282180562629486,0.23739237373158786,0.8955675320088925,0.1756262920636819,0.23739237373158786
594,dummy,0.2926666666666667,0.5,0.14285714285714285,0.8571428571428571,0.0646870112226142,0.14285714285714285
594,sgd-linear,0.4886666666666667,0.6657971917140293,0.2779031691257442,0.8998140625720706,0.23555501410842744,0.2779031691257442
595,dummy,0.2926666666666667,0.5,0.14285714285714285,0.8571428571428571,0.0646870112226142,0.14285714285714285
595,sgd-linear,0.5013333333333334,0.7565817334614946,0.2661472670063691,0.8999565960863494,0.2179240518030899,0.2661472670063691
596,dummy,0.2926666666666667,0.5,0.14285714285714285,0.8571428571428571,0.0646870112226142,0.14285714285714285
596,sgd-linear,0.358,0.7331072678087728,0.27445283249019276,0.8717334848422631,0.2457313551229851,0.27445283249019276
597,dummy,0.2926666666666667,0.5,0.14285714285714285,0.8571428571428571,0.0646870112226142,0.14285714285714285
597,sgd-linear,0.48533333333333334,0.6944021641568087,0.24258343165677426,0.89743942351594,0.19412360598454492,0.24258343165677426
598,dummy,0.2926666666666667,0.5,0.14285714285714285,0.8571428571428571,0.0646870112226142,0.14285714285714285
598,sgd-linear,0.5346666666666666,0.7210672507550098,0.2640020714854433,0.9066388661663141,0.19621706079773346,0.2640020714854433
599,dummy,0.2926666666666667,0.5,0.14285714285714285,0.8571428571428571,0.0646870112226142,0.14285714285714285
599,sgd-linear,0.4293333333333334,0.7671775488020416,0.25500827961132694,0.885480396646835,0.21750089879700263,0.25500827961132694
600,dummy,0.2926666666666667,0.5,0.14285714285714285,0.8571428571428571,0.0646870112226142,0.14285714285714285
600,sgd-linear,0.5559999999999999,0.7433532293518876,0.27448620360880377,0.9108019192814327,0.20148613204380994,0.27448620360880377
601,dummy,0.2926666666666667,0.5,0.14285714285714285,0.8571428571428571,0.0646870112226142,0.14285714285714285
601,sgd-linear,0.45933333333333326,0.8232118092648296,0.31891246299496684,0.8952235611019871,0.24121862405296998,0.31891246299496684
602,dummy,0.2926666666666667,0.5,0.14285714285714285,0.8571428571428571,0.0646870112226142,0.14285714285714285
602,sgd-linear,0.48133333333333334,0.7627958662317376,0.34903872815591597,0.9010187144421089,0.2869207950364433,0.34903872815591597
603,dummy,0.2926666666666667,0.5,0.14285714285714285,0.8571428571428571,0.0646870112226142,0.14285714285714285
603,sgd-linear,0.44800000000000006,0.7170322013178108,0.2374148338546386,0.8908477457337829,0.2096232409981082,0.2374148338546386
604,dummy,0.2926666666666667,0.5,0.14285714285714285,0.8571428571428571,0.0646870112226142,0.14285714285714285
604,sgd-linear,0.32466666666666666,0.7502424289982722,0.1903007070972541,0.8676289656274803,0.14588420754375936,0.1903007070972541
605,dummy,0.2926666666666667,0.5,0.14285714285714285,0.8571428571428571,0.0646870112226142,0.14285714285714285
605,sgd-linear,0.5486666666666666,0.7805008854510879,0.34961332310058046,0.9121981366730477,0.32506851299075723,0.34961332310058046
606,dummy,0.2926666666666667,0.5,0.14285714285714285,0.8571428571428571,0.0646870112226142,0.14285714285714285
606,sgd-linear,0.542,0.6880868525780828,0.26763061599940696,0.9080038108741408,0.19656052348259861,0.26763061599940696
607,dummy,0.2926666666666667,0.5,0.14285714285714285,0.8571428571428571,0.0646870112226142,0.14285714285714285
607,sgd-linear,0.39799999999999996,0.5419609439916371,0.19667335549806425,0.8792253667034939,0.1462125355660371,0.19667335549806425
608,dummy,0.2926666666666667,0.5,0.14285714285714285,0.8571428571428571,0.0646870112226142,0.14285714285714285
608,sgd-linear,0.4246666666666667,0.6908250309822643,0.30158689671100636,0.8857854844556987,0.24908333191590454,0.30158689671100636
609,dummy,0.2926666666666667,0.5,0.14285714285714285,0.8571428571428571,0.0646870112226142,0.14285714285714285
609,sgd-linear,0.438,0.837032387244893,0.29901871052116225,0.8911291129477691,0.25246459312564024,0.29901871052116225
610,dummy,0.2926666666666667,0.5,0.14285714285714285,0.8571428571428571,0.0646870112226142,0.14285714285714285
610,sgd-linear,0.538,0.7887437392528354,0.2655382196619991,0.9070858400214357,0.19475042446985105,0.2655382196619991
611,dummy,0.2926666666666667,0.5,0.14285714285714285,0.8571428571428571,0.0646870112226142,0.14285714285714285
611,sgd-linear,0.546,0.6194240685244587,0.269567122029974,0.9089589639719368,0.20217765674069982,0.269567122029974
612,dummy,0.2926666666666667,0.5,0.14285714285714285,0.8571428571428571,0.0646870112226142,0.14285714285714285
612,sgd-linear,0.5479999999999999,0.8437732291035063,0.37849482390706035,0.9103435201341934,0.3441358075132211,0.37849482390706035
613,dummy,0.2926666666666667,0.5,0.14285714285714285,0.8571428571428571,0.0646870112226142,0.14285714285714285
613,sgd-linear,0.5026666666666666,0.8001092452448898,0.26802153967900366,0.9002766179532034,0.21714769124107502,0.26802153967900366
614,dummy,0.2926666666666667,0.5,0.14285714285714285,0.8571428571428571,0.0646870112226142,0.14285714285714285
614,sgd-linear,0.38466666666666666,0.7383045905979673,0.2891417523671006,0.8794480092913742,0.2639437344430635,0.2891417523671006
615,dummy,0.2926666666666667,0.5,0.14285714285714285,0.8571428571428571,0.0646870112226142,0.14285714285714285
615,sgd-linear,0.4573333333333333,0.7857803691240433,0.2887643822808218,0.891533450867193,0.2471085065528003,0.2887643822808218
616,dummy,0.2926666666666667,0.5,0.14285714285714285,0.8571428571428571,0.0646870112226142,0.14285714285714285
616,sgd-linear,0.4873333333333333,0.7707323755137756,0.324088434284017,0.8985781424647964,0.3131870962728229,0.324088434284017
617,dummy,0.2926666666666667,0.5,0.14285714285714285,0.8571428571428571,0.0646870112226142,0.14285714285714285
617,sgd-linear,0.5740000000000001,0.8329304977903138,0.28923135418320145,0.9161535873800766,0.23619443607896828,0.28923135418320145
618,dummy,0.2926666666666667,0.5,0.14285714285714285,0.8571428571428571,0.0646870112226142,0.14285714285714285
618,sgd-linear,0.5133333333333334,0.7250099001319575,0.2534841817458922,0.9022904619976396,0.18710649773733445,0.2534841817458922
619,dummy,0.2926666666666667,0.5,0.14285714285714285,0.8571428571428571,0.0646870112226142,0.14285714285714285
619,sgd-linear,0.5773333333333334,0.7931851277637122,0.2922721586610648,0.9165209159679678,0.24117017356569223,0.2922721586610648
620,dummy,0.2926666666666667,0.5,0.14285714285714285,0.8571428571428571,0.0646870112226142,0.14285714285714285
620,sgd-linear,0.5780000000000001,0.7972059031738098,0.3201347023885699,0.9168096634159136,0.2800482633828343,0.3201347023885699
621,dummy,0.2926666666666667,0.5,0.14285714285714285,0.8571428571428571,0.0646870112226142,0.14285714285714285
621,sgd-linear,0.4693333333333333,0.741901471090216,0.31484075761966224,0.8939034151932346,0.2675086144864267,0.31484075761966224
622,dummy,0.2926666666666667,0.5,0.14285714285714285,0.8571428571428571,0.0646870112226142,0.14285714285714285
622,sgd-linear,0.44333333333333336,0.7667416247734025,0.2882485958831541,0.8887542060126303,0.24921118467627495,0.2882485958831541
623,dummy,0.2926666666666667,0.5,0.14285714285714285,0.8571428571428571,0.0646870112226142,0.14285714285714285
623,sgd-linear,0.5293333333333333,0.794331736500698,0.2613895646470296,0.9055192282324722,0.19284426927610943,0.2613895646470296
624,dummy,0.2926666666666667,0.5,0.14285714285714285,0.8571428571428571,0.0646870112226142,0.14285714285714285
624,sgd-linear,0.496,0.8177019062867193,0.2667906803167429,0.9001874773641496,0.21484584475054258,0.2667906803167429
625,dummy,0.2926666666666667,0.5,0.14285714285714285,0.8571428571428571,0.0646870112226142,0.14285714285714285
625,sgd-linear,0.4600000000000001,0.7680028915526915,0.26922555870784565,0.8953787459940171,0.2277324025660566,0.26922555870784565
626,dummy,0.2926666666666667,0.5,0.14285714285714285,0.8571428571428571,0.0646870112226142,0.14285714285714285
626,sgd-linear,0.5860000000000001,0.806767989202766,0.3117377016917586,0.9184748183747817,0.27587780793243766,0.3117377016917586
627,dummy,0.2926666666666667,0.5,0.14285714285714285,0.8571428571428571,0.0646870112226142,0.14285714285714285
627,sgd-linear,0.5373333333333333,0.7768161287722831,0.33524909387827445,0.9087424209433751,0.2803833478983571,0.33524909387827445
628,dummy,0.2926666666666667,0.5,0.14285714285714285,0.8571428571428571,0.0646870112226142,0.14285714285714285
628,sgd-linear,0.488,0.7404281737329993,0.36137656349712033,0.9008875867874095,0.3248841890270563,0.36137656349712033
629,dummy,0.2926666666666667,0.5,0.14285714285714285,0.8571428571428571,0.0646870112226142,0.14285714285714285
629,sgd-linear,0.5246666666666666,0.7163070026702449,0.25896938391890983,0.9045532189059496,0.19089329024987597,0.25896938391890983
630,dummy,0.2926666666666667,0.5,0.14285714285714285,0.8571428571428571,0.0646870112226142,0.14285714285714285
630,sgd-linear,0.5746666666666667,0.8045299412757029,0.33930625862650954,0.9157700819844503,0.2897984302001311,0.33930625862650954
631,dummy,0.2926666666666667,0.5,0.14285714285714285,0.8571428571428571,0.0646870112226142,0.14285714285714285
631,sgd-linear,0.5293333333333333,0.8511987055256872,0.3589408700905941,0.9066622824852452,0.3356214028987411,0.3589408700905941
632,dummy,0.2926666666666667,0.5,0.14285714285714285,0.8571428571428571,0.0646870112226142,0.14285714285714285
632,sgd-linear,0.45133333333333336,0.8197227584635778,0.3537312824900894,0.8934905873239369,0.3062660543824074,0.3537312824900894
633,dummy,0.2926666666666667,0.5,0.14285714285714285,0.8571428571428571,0.0646870112226142,0.14285714285714285
633,sgd-linear,0.5439999999999999,0.7721460670697651,0.3941212714489955,0.9108697446287797,0.3646364616049175,0.3941212714489955
634,dummy,0.2926666666666667,0.5,0.14285714285714285,0.8571428571428571,0.0646870112226142,0.14285714285714285
634,sgd-linear,0.45466666666666666,0.8253089036909808,0.33790762652313466,0.8958441876895075,0.286655639005689,0.33790762652313466
635,dummy,0.2926666666666667,0.5,0.14285714285714285,0.8571428571428571,0.0646870112226142,0.14285714285714285
635,sgd-linear,0.5253333333333334,0.7280734926234592,0.2595365612892383,0.904756567107863,0.19235627254731422,0.2595365612892383
636,dummy,0.2926666666666667,0.5,0.14285714285714285,0.8571428571428571,0.0646870112226142,0.14285714285714285
636,sgd-linear,0.5486666666666667,0.8234996531338586,0.2707936092713677,0.9092943191415885,0.19854084644623313,0.2707936092713677
637,dummy,0.2926666666666667,0.5,0.14285714285714285,0.8571428571428571,0.0646870112226142,0.14285714285714285
637,sgd-linear,0.5313333333333333,0.7836244454623967,0.31973956917346,0.9067087166066325,0.2852254902009347,0.31973956917346
638,dummy,0.2926666666666667,0.5,0.14285714285714285,0.8571428571428571,0.0646870112226142,0.14285714285714285
638,sgd-linear,0.5453333333333333,0.7621985806290448,0.357239866469783,0.9088425700087305,0.30712590381583277,0.357239866469783
639,dummy,0.2926666666666667,0.5,0.14285714285714285,0.8571428571428571,0.0646870112226142,0.14285714285714285
639,sgd-linear,0.48933333333333334,0.758868122470105,0.3399235361065611,0.9016271468049183,0.30446780244274174,0.3399235361065611
640,dummy,0.2926666666666667,0.5,0.14285714285714285,0.8571428571428571,0.0646870112226142,0.14285714285714285
640,sgd-linear,0.4726666666666667,0.829927081957277,0.34207827706657346,0.8994350602105257,0.28819145532045354,0.34207827706657346
641,dummy,0.2926666666666667,0.5,0.14285714285714285,0.8571428571428571,0.0646870112226142,0.14285714285714285
641,sgd-linear,0.54,0.7757498554866862,0.35549078692009967,0.9078219248871573,0.31098793199351465,0.35549078692009967
642,dummy,0.2926666666666667,0.5,0.14285714285714285,0.8571428571428571,0.0646870112226142,0.14285714285714285
642,sgd-linear,0.5213333333333333,0.7565688521253724,0.25746680752931045,0.9038183912863712,0.18874799182886695,0.25746680752931045
643,dummy,0.2926666666666667,0.5,0.14285714285714285,0.8571428571428571,0.0646870112226142,0.14285714285714285
643,sgd-linear,0.5673333333333334,0.8021270779005162,0.37058556527517333,0.9143002774278255,0.31289876211619616,0.37058556527517333
644,dummy,0.2926666666666667,0.5,0.14285714285714285,0.8571428571428571,0.0646870112226142,0.14285714285714285
644,sgd-linear,0.49466666666666664,0.8154596794178568,0.30938334746792695,0.8999909635064309,0.252268364261265,0.30938334746792695
645,dummy,0.2926666666666667,0.5,0.14285714285714285,0.8571428571428571,0.0646870112226142,0.14285714285714285
645,sgd-linear,0.5279999999999999,0.8019444628052297,0.32997255513223245,0.9054349555475445,0.28023174348907914,0.32997255513223245
646,dummy,0.2926666666666667,0.5,0.14285714285714285,0.8571428571428571,0.0646870112226142,0.14285714285714285
646,sgd-linear,0.4533333333333333,0.7819010029561445,0.31731814380146844,0.8917505482818668,0.2563592169786043,0.31731814380146844
647,dummy,0.2926666666666667,0.5,0.14285714285714285,0.8571428571428571,0.0646870112226142,0.14285714285714285
647,sgd-linear,0.5553333333333332,0.8368703027854354,0.30913144162826994,0.9125647026974371,0.26911502551251515,0.30913144162826994
648,dummy,0.2926666666666667,0.5,0.14285714285714285,0.8571428571428571,0.0646870112226142,0.14285714285714285
648,sgd-linear,0.55,0.7432688222380779,0.2716094230941629,0.9097499205020446,0.20282645640666241,0.2716094230941629
649,dummy,0.2926666666666667,0.5,0.14285714285714285,0.8571428571428571,0.0646870112226142,0.14285714285714285
649,sgd-linear,0.4286666666666667,0.7900960268407029,0.2408067707961695,0.8894023826527049,0.1942953658719762,0.2408067707961695
650,dummy,0.2926666666666667,0.5,0.14285714285714285,0.8571428571428571,0.0646870112226142,0.14285714285714285
650,sgd-linear,0.6033333333333333,0.7978015887291949,0.3315685292699476,0.922324172282444,0.2898282439928558,0.3315685292699476
651,dummy,0.2926666666666667,0.5,0.14285714285714285,0.8571428571428571,0.0646870112226142,0.14285714285714285
651,sgd-linear,0.5326666666666667,0.7608597225915597,0.26292971121524356,0.9061900070839866,0.19434818151055142,0.26292971121524356
652,dummy,0.2926666666666667,0.5,0.14285714285714285,0.8571428571428571,0.0646870112226142,0.14285714285714285
652,sgd-linear,0.5346666666666666,0.5091996816202832,0.2641349567456931,0.9066772555575016,0.19724794132611448,0.2641349567456931
653,dummy,0.2926666666666667,0.5,0.14285714285714285,0.8571428571428571,0.0646870112226142,0.14285714285714285
653,sgd-linear,0.5446666666666667,0.7852749032023092,0.26895570402834895,0.9087372260310216,0.20367629851391103,0.26895570402834895
654,dummy,0.2926666666666667,0.5,0.14285714285714285,0.8571428571428571,0.0646870112226142,0.14285714285714285
654,sgd-linear,0.4646666666666667,0.7864440006959177,0.25937457655735086,0.8968803664522922,0.21728366323561862,0.25937457655735086
655,dummy,0.2926666666666667,0.5,0.14285714285714285,0.8571428571428571,0.0646870112226142,0.14285714285714285
655,sgd-linear,0.5013333333333333,0.576205701215064,0.24747694134882212,0.8997584048495885,0.18147864994450963,0.24747694134882212
656,dummy,0.2926666666666667,0.5,0.14285714285714285,0.8571428571428571,0.0646870112226142,0.14285714285714285
656,sgd-linear,0.5640000000000001,0.8303502735641475,0.2786082740267769,0.9124402083353413,0.20537311850311896,0.2786082740267769
657,dummy,0.2926666666666667,0.5,0.14285714285714285,0.8571428571428571,0.0646870112226142,0.14285714285714285
657,sgd-linear,0.526,0.5870663811076904,0.25976254903798657,0.9050145030668675,0.19783558842587518,0.25976254903798657
658,dummy,0.2926666666666667,0.5,0.14285714285714285,0.8571428571428571,0.0646870112226142,0.14285714285714285
658,sgd-linear,0.5753333333333334,0.8400624311885908,0.2884730583239078,0.9156453182489772,0.2319128293650457,0.2884730583239078
659,dummy,0.2926666666666667,0.5,0.14285714285714285,0.8571428571428571,0.0646870112226142,0.14285714285714285
659,sgd-linear,0.5193333333333333,0.7763991677318703,0.4424956617901916,0.9064389463257145,0.42158592563961134,0.4424956617901916
660,dummy,0.2926666666666667,0.5,0.14285714285714285,0.8571428571428571,0.0646870112226142,0.14285714285714285
660,sgd-linear,0.4913333333333334,0.7949975615993353,0.33267762637119686,0.8985793084150145,0.2838787956110453,0.33267762637119686
661,dummy,0.2926666666666667,0.5,0.14285714285714285,0.8571428571428571,0.0646870112226142,0.14285714285714285
661,sgd-linear,0.5106666666666667,0.8111687369708835,0.351881356700154,0.9042671170666455,0.33833151739755135,0.351881356700154
662,dummy,0.2926666666666667,0.5,0.14285714285714285,0.8571428571428571,0.0646870112226142,0.14285714285714285
662,sgd-linear,0.6126666666666666,0.8609915017119582,0.3351672352944508,0.9236865951882512,0.29493461861233794,0.3351672352944508
663,dummy,0.2926666666666667,0.5,0.14285714285714285,0.8571428571428571,0.0646870112226142,0.14285714285714285
663,sgd-linear,0.6073333333333333,0.8470585761402314,0.3275085417229784,0.9222231678716597,0.2892870689391215,0.3275085417229784
664,dummy,0.2926666666666667,0.5,0.14285714285714285,0.8571428571428571,0.0646870112226142,0.14285714285714285
664,sgd-linear,0.42800000000000005,0.8007613871147345,0.21166553943878347,0.8850279143252358,0.15440194968460097,0.21166553943878347
665,dummy,0.2926666666666667,0.5,0.14285714285714285,0.8571428571428571,0.0646870112226142,0.14285714285714285
665,sgd-linear,0.5633333333333334,0.8220530906973724,0.2780994703049989,0.9122297586662466,0.20392079458835508,0.2780994703049989
666,dummy,0.2926666666666667,0.5,0.14285714285714285,0.8571428571428571,0.0646870112226142,0.14285714285714285
666,sgd-linear,0.538,0.753471908755653,0.2656786555111948,0.9072888594692523,0.19700589703694535,0.2656786555111948
667,dummy,0.2926666666666667,0.5,0.14285714285714285,0.8571428571428571,0.0646870112226142,0.14285714285714285
667,sgd-linear,0.49400000000000005,0.7738785126106507,0.24398900932393075,0.8982299371995515,0.17923392719809325,0.24398900932393075
668,dummy,0.2926666666666667,0.5,0.14285714285714285,0.8571428571428571,0.0646870112226142,0.14285714285714285
668,sgd-linear,0.45,0.82138643333222,0.3149786594524082,0.8927016811250891,0.23873631600379822,0.3149786594524082
669,dummy,0.2926666666666667,0.5,0.14285714285714285,0.8571428571428571,0.0646870112226142,0.14285714285714285
669,sgd-linear,0.32466666666666666,0.7051353314242607,0.23118243371115277,0.8687972353795604,0.17122420187918513,0.23118243371115277
670,dummy,0.2926666666666667,0.5,0.14285714285714285,0.8571428571428571,0.0646870112226142,0.14285714285714285
670,sgd-linear,0.5666666666666667,0.7853860983581036,0.2798023481463738,0.913147458990608,0.2110498206278542,0.2798023481463738
671,dummy,0.2926666666666667,0.5,0.14285714285714285,0.8571428571428571,0.0646870112226142,0.14285714285714285
671,sgd-linear,0.5973333333333334,0.8131067948924752,0.3905079778260117,0.9197808165626412,0.33122360364022424,0.3905079778260117
672,dummy,0.2926666666666667,0.5,0.14285714285714285,0.8571428571428571,0.0646870112226142,0.14285714285714285
672,sgd-linear,0.346,0.6483846789457521,0.1774533008070911,0.8695126154756798,0.13971168126331765,0.1774533008070911
673,dummy,0.2926666666666667,0.5,0.14285714285714285,0.8571428571428571,0.0646870112226142,0.14285714285714285
673,sgd-linear,0.554,0.7477513173014592,0.3332872865722851,0.9112609155714576,0.28509403347658646,0.3332872865722851
674,dummy,0.2926666666666667,0.5,0.14285714285714285,0.8571428571428571,0.0646870112226142,0.14285714285714285
674,sgd-linear,0.38733333333333336,0.6706490449494685,0.27511443949648584,0.8779158263183364,0.22646011457972276,0.27511443949648584
675,dummy,0.2926666666666667,0.5,0.14285714285714285,0.8571428571428571,0.0646870112226142,0.14285714285714285
675,sgd-linear,0.4093333333333334,0.7757481096039889,0.27476930683434964,0.8822788619437197,0.2395264988498444,0.27476930683434964
676,dummy,0.2926666666666667,0.5,0.14285714285714285,0.8571428571428571,0.0646870112226142,0.14285714285714285
676,sgd-linear,0.5333333333333334,0.8184000006204653,0.30106216465091384,0.9069030722705269,0.25754327709645164,0.30106216465091384
677,dummy,0.2926666666666667,0.5,0.14285714285714285,0.8571428571428571,0.0646870112226142,0.14285714285714285
677,sgd-linear,0.5086666666666667,0.7590968262701285,0.2879646693592237,0.9032643261924855,0.24601330225447623,0.2879646693592237
678,dummy,0.2926666666666667,0.5,0.14285714285714285,0.8571428571428571,0.0646870112226142,0.14285714285714285
678,sgd-linear,0.5439999999999999,0.8512374046160843,0.3088561753198764,0.9094667609237959,0.26258367896638823,0.3088561753198764
679,dummy,0.2926666666666667,0.5,0.14285714285714285,0.8571428571428571,0.0646870112226142,0.14285714285714285
679,sgd-linear,0.5146666666666666,0.7932068025302665,0.3378749976359347,0.9039924613619691,0.29837132762908214,0.3378749976359347
680,dummy,0.2926666666666667,0.5,0.14285714285714285,0.8571428571428571,0.0646870112226142,0.14285714285714285
680,sgd-linear,0.45066666666666666,0.7622592310030821,0.3050582764563141,0.8915133913493453,0.24863973139562362,0.3050582764563141
681,dummy,0.2926666666666667,0.5,0.14285714285714285,0.8571428571428571,0.0646870112226142,0.14285714285714285
681,sgd-linear,0.5666666666666667,0.7723070016488516,0.27976450841326544,0.9129595539525587,0.20551496505331718,0.27976450841326544
682,dummy,0.2926666666666667,0.5,0.14285714285714285,0.8571428571428571,0.0646870112226142,0.14285714285714285
682,sgd-linear,0.5513333333333333,0.8038904605311761,0.2721908215061194,0.910013920328022,0.20379243099282976,0.2721908215061194
683,dummy,0.2926666666666667,0.5,0.14285714285714285,0.8571428571428571,0.0646870112226142,0.14285714285714285
683,sgd-linear,0.5426666666666666,0.8025120700318574,0.3750493322161797,0.9082529482468942,0.31812880443549457,0.3750493322161797
684,dummy,0.2926666666666667,0.5,0.14285714285714285,0.8571428571428571,0.0646870112226142,0.14285714285714285
684,sgd-linear,0.632,0.8603107775785126,0.4115391767739123,0.9281277910351637,0.3885797539238968,0.4115391767739123
685,dummy,0.2926666666666667,0.5,0.14285714285714285,0.8571428571428571,0.0646870112226142,0.14285714285714285
685,sgd-linear,0.5566666666666666,0.585208955356084,0.27479941674125363,0.9110580800838323,0.2043172888799584,0.27479941674125363
686,dummy,0.2926666666666667,0.5,0.14285714285714285,0.8571428571428571,0.0646870112226142,0.14285714285714285
686,sgd-linear,0.4453333333333333,0.739921116410178,0.322196364157703,0.8916750931742751,0.3003017054253282,0.322196364157703
687,dummy,0.2926666666666667,0.5,0.14285714285714285,0.8571428571428571,0.0646870112226142,0.14285714285714285
687,sgd-linear,0.5406666666666666,0.8221788282098486,0.3575607093486288,0.9097957803114779,0.3081335877126129,0.3575607093486288
688,dummy,0.2926666666666667,0.5,0.14285714285714285,0.8571428571428571,0.0646870112226142,0.14285714285714285
688,sgd-linear,0.49799999999999994,0.7606765570149808,0.32567685603074065,0.9019549840516294,0.2578167533047648,0.32567685603074065
689,dummy,0.2926666666666667,0.5,0.14285714285714285,0.8571428571428571,0.0646870112226142,0.14285714285714285
689,sgd-linear,0.51,0.8168801842682478,0.3590398507980767,0.9029312692516063,0.35036637647170793,0.3590398507980767
690,dummy,0.2926666666666667,0.5,0.14285714285714285,0.8571428571428571,0.0646870112226142,0.14285714285714285
690,sgd-linear,0.45866666666666667,0.546176610921451,0.2265247543939935,0.8913323264871262,0.167603924914768,0.2265247543939935
691,dummy,0.2926666666666667,0.5,0.14285714285714285,0.8571428571428571,0.0646870112226142,0.14285714285714285
691,sgd-linear,0.5439999999999999,0.855299174813485,0.3889997691160432,0.9123576911659365,0.34699857128491984,0.3889997691160432
692,dummy,0.2926666666666667,0.5,0.14285714285714285,0.8571428571428571,0.0646870112226142,0.14285714285714285
692,sgd-linear,0.4953333333333333,0.811215562937576,0.3165031297931435,0.8998561706752692,0.2592790102770592,0.3165031297931435
693,dummy,0.2926666666666667,0.5,0.14285714285714285,0.8571428571428571,0.0646870112226142,0.14285714285714285
693,sgd-linear,0.5773333333333334,0.8283620530164368,0.3522163138055397,0.9166130014153284,0.30080903843833096,0.3522163138055397
694,dummy,0.2926666666666667,0.5,0.14285714285714285,0.8571428571428571,0.0646870112226142,0.14285714285714285
694,sgd-linear,0.40066666666666667,0.7667633965521101,0.2962470674654666,0.882372110876122,0.27012419469827387,0.2962470674654666
695,dummy,0.2926666666666667,0.5,0.14285714285714285,0.8571428571428571,0.0646870112226142,0.14285714285714285
695,sgd-linear,0.45933333333333337,0.788301523665481,0.3036640383742134,0.892077126306806,0.28864980030882087,0.3036640383742134
696,dummy,0.2926666666666667,0.5,0.14285714285714285,0.8571428571428571,0.0646870112226142,0.14285714285714285
696,sgd-linear,0.39733333333333337,0.7478231791608683,0.27525992411854705,0.8825061792492106,0.22832368363910308,0.27525992411854705
697,dummy,0.2926666666666667,0.5,0.14285714285714285,0.8571428571428571,0.0646870112226142,0.14285714285714285
697,sgd-linear,0.6213333333333333,0.8085989703490611,0.39095136420099863,0.9243262629703661,0.33462933444523923,0.39095136420099863
698,dummy,0.2926666666666667,0.5,0.14285714285714285,0.8571428571428571,0.0646870112226142,0.14285714285714285
698,sgd-linear,0.5199999999999999,0.7988861322070424,0.290411618220713,0.9038664486265807,0.24231974631707062,0.290411618220713
699,dummy,0.2926666666666667,0.5,0.14285714285714285,0.8571428571428571,0.0646870112226142,0.14285714285714285
699,sgd-linear,0.5553333333333333,0.8472805015536741,0.2932032605539424,0.912996493088795,0.254771891995302,0.2932032605539424
700,dummy,0.2926666666666667,0.5,0.14285714285714285,0.8571428571428571,0.0646870112226142,0.14285714285714285
700,sgd-linear,0.446,0.790811944031749,0.29669442411590125,0.8931046281022589,0.2393096296466395,0.29669442411590125
701,dummy,0.2926666666666667,0.5,0.14285714285714285,0.8571428571428571,0.0646870112226142,0.14285714285714285
701,sgd-linear,0.5253333333333333,0.7690470593867179,0.2592673192335912,0.9049440315657191,0.20128358175805103,0.2592673192335912
702,dummy,0.2926666666666667,0.5,0.14285714285714285,0.8571428571428571,0.0646870112226142,0.14285714285714285
702,sgd-linear,0.5653333333333335,0.7942059867379176,0.3745035292919628,0.912919666427421,0.32265209300852676,0.3745035292919628
703,dummy,0.2926666666666667,0.5,0.14285714285714285,0.8571428571428571,0.0646870112226142,0.14285714285714285
703,sgd-linear,0.522,0.7787672436151124,0.2577729193303041,0.9040851148784063,0.19094669070810502,0.2577729193303041
704,dummy,0.2926666666666667,0.5,0.14285714285714285,0.8571428571428571,0.0646870112226142,0.14285714285714285
704,sgd-linear,0.466,0.7487285378855344,0.3379055055692112,0.8953442368819264,0.3194136249873578,0.3379055055692112
705,dummy,0.2926666666666667,0.5,0.14285714285714285,0.8571428571428571,0.0646870112226142,0.14285714285714285
705,sgd-linear,0.5466666666666666,0.867879939380197,0.2699864926651568,0.9088925255551714,0.19797851975334116,0.2699864926651568
706,dummy,0.2926666666666667,0.5,0.14285714285714285,0.8571428571428571,0.0646870112226142,0.14285714285714285
706,sgd-linear,0.5433333333333333,0.7673610501759476,0.26819984565963145,0.9082696794799932,0.1971671910448159,0.26819984565963145
707,dummy,0.2926666666666667,0.5,0.14285714285714285,0.8571428571428571,0.0646870112226142,0.14285714285714285
707,sgd-linear,0.5913333333333333,0.7980551603022225,0.35485438012778925,0.9184697338887939,0.3072245052021315,0.35485438012778925
708,dummy,0.2926666666666667,0.5,0.14285714285714285,0.8571428571428571,0.0646870112226142,0.14285714285714285
708,sgd-linear,0.388,0.7460863300878627,0.2937733729298996,0.8786227319866822,0.23730064952249902,0.2937733729298996
709,dummy,0.2926666666666667,0.5,0.14285714285714285,0.8571428571428571,0.0646870112226142,0.14285714285714285
709,sgd-linear,0.41400000000000003,0.8025758220726983,0.42161197896086333,0.8860805923575151,0.3835767025250872,0.42161197896086333
710,dummy,0.2926666666666667,0.5,0.14285714285714285,0.8571428571428571,0.0646870112226142,0.14285714285714285
710,sgd-linear,0.5373333333333333,0.7939972239604909,0.29834242504743347,0.9080881176489889,0.26606570585933564,0.29834242504743347
711,dummy,0.2926666666666667,0.5,0.14285714285714285,0.8571428571428571,0.0646870112226142,0.14285714285714285
711,sgd-linear,0.40800000000000003,0.7323842927387901,0.3238112377411773,0.8822378754138489,0.3103742822067617,0.3238112377411773
712,dummy,0.2926666666666667,0.5,0.14285714285714285,0.8571428571428571,0.0646870112226142,0.14285714285714285
712,sgd-linear,0.41,0.7994043330247201,0.28947942535581966,0.8857530649807721,0.27572306484440146,0.28947942535581966
713,dummy,0.2926666666666667,0.5,0.14285714285714285,0.8571428571428571,0.0646870112226142,0.14285714285714285
713,sgd-linear,0.44866666666666666,0.7310831795562984,0.22417689401879323,0.8900983005941452,0.17618701097442324,0.22417689401879323
714,dummy,0.2926666666666667,0.5,0.14285714285714285,0.8571428571428571,0.0646870112226142,0.14285714285714285
714,sgd-linear,0.5153333333333333,0.8022137409152432,0.25418035829918467,0.9027267553189369,0.18857083565633498,0.25418035829918467
715,dummy,0.2926666666666667,0.5,0.14285714285714285,0.8571428571428571,0.0646870112226142,0.14285714285714285
715,sgd-linear,0.3886666666666666,0.7051443716480399,0.2175414531659116,0.8805039989558502,0.18945569828878078,0.2175414531659116
716,dummy,0.2926666666666667,0.5,0.14285714285714285,0.8571428571428571,0.0646870112226142,0.14285714285714285
716,sgd-linear,0.5493333333333333,0.8135099412607273,0.27499739022240083,0.9097169081440443,0.20860905412801536,0.27499739022240083
717,dummy,0.2926666666666667,0.5,0.14285714285714285,0.8571428571428571,0.0646870112226142,0.14285714285714285
717,sgd-linear,0.5053333333333333,0.729151917236862,0.24956515959157594,0.9006248278960752,0.18317647265339776,0.24956515959157594
718,dummy,0.2926666666666667,0.5,0.14285714285714285,0.8571428571428571,0.0646870112226142,0.14285714285714285
718,sgd-linear,0.5539999999999999,0.811442145680066,0.2735804831519252,0.9106667136103204,0.21013083146499384,0.2735804831519252
719,dummy,0.2926666666666667,0.5,0.14285714285714285,0.8571428571428571,0.0646870112226142,0.14285714285714285
719,sgd-linear,0.44333333333333336,0.7337257652204527,0.2539698856972512,0.88885401163739,0.21402299358363916,0.2539698856972512
720,dummy,0.2926666666666667,0.5,0.14285714285714285,0.8571428571428571,0.0646870112226142,0.14285714285714285
720,sgd-linear,0.5253333333333334,0.7544629228870849,0.29246401197621585,0.9086391220541046,0.24665507811089574,0.29246401197621585
721,dummy,0.2926666666666667,0.5,0.14285714285714285,0.8571428571428571,0.0646870112226142,0.14285714285714285
721,sgd-linear,0.3873333333333333,0.6936676167682659,0.30253895147522203,0.8804335708067,0.25318422312423483,0.30253895147522203
722,dummy,0.2926666666666667,0.5,0.14285714285714285,0.8571428571428571,0.0646870112226142,0.14285714285714285
722,sgd-linear,0.5066666666666666,0.8312168884783052,0.2705607635389701,0.9008725386397911,0.22119595907106934,0.2705607635389701
723,dummy,0.2926666666666667,0.5,0.14285714285714285,0.8571428571428571,0.0646870112226142,0.14285714285714285
723,sgd-linear,0.466,0.7396027206792699,0.3162351027747981,0.8928075338799498,0.2717537534849672,0.3162351027747981
724,dummy,0.2926666666666667,0.5,0.14285714285714285,0.8571428571428571,0.0646870112226142,0.14285714285714285
724,sgd-linear,0.496,0.85694004592245,0.3007160266766231,0.8996950157472353,0.25524604980497684,0.3007160266766231
725,dummy,0.2926666666666667,0.5,0.14285714285714285,0.8571428571428571,0.0646870112226142,0.14285714285714285
725,sgd-linear,0.5606666666666668,0.8279166497274264,0.3111256920997028,0.9139231165460986,0.27621199576739786,0.3111256920997028
726,dummy,0.2926666666666667,0.5,0.14285714285714285,0.8571428571428571,0.0646870112226142,0.14285714285714285
726,sgd-linear,0.5680000000000001,0.8261858291065538,0.3043048965057451,0.9152915205004689,0.26609109626755856,0.3043048965057451
727,dummy,0.2926666666666667,0.5,0.14285714285714285,0.8571428571428571,0.0646870112226142,0.14285714285714285
727,sgd-linear,0.536,0.8287862197319781,0.2960820491313364,0.9088734231619702,0.25549262850904686,0.2960820491313364
728,dummy,0.2926666666666667,0.5,0.14285714285714285,0.8571428571428571,0.0646870112226142,0.14285714285714285
728,sgd-linear,0.5479999999999999,0.8299639789829143,0.3062987630984756,0.911009633484826,0.26352326502730894,0.3062987630984756
729,dummy,0.2926666666666667,0.5,0.14285714285714285,0.8571428571428571,0.0646870112226142,0.14285714285714285
729,sgd-linear,0.5506666666666667,0.8377173156846627,0.2717981010294327,0.909813689032889,0.20093805752283278,0.2717981010294327
730,dummy,0.2926666666666667,0.5,0.14285714285714285,0.8571428571428571,0.0646870112226142,0.14285714285714285
730,sgd-linear,0.5073333333333333,0.7614362411210018,0.25040700992797793,0.9011780585516904,0.1876207150781725,0.25040700992797793
731,dummy,0.2926666666666667,0.5,0.14285714285714285,0.8571428571428571,0.0646870112226142,0.14285714285714285
731,sgd-linear,0.5673333333333332,0.8160485982858574,0.3165762726562764,0.9132590632693016,0.2708668352447573,0.3165762726562764
732,dummy,0.2926666666666667,0.5,0.14285714285714285,0.8571428571428571,0.0646870112226142,0.14285714285714285
732,sgd-linear,0.4453333333333333,0.8104625326832577,0.34806463285866485,0.8940316633001302,0.2708962412056604,0.34806463285866485
733,dummy,0.2926666666666667,0.5,0.14285714285714285,0.8571428571428571,0.0646870112226142,0.14285714285714285
733,sgd-linear,0.42400000000000004,0.7133967449891896,0.29664419051866575,0.8841671347387432,0.26381058307615196,0.29664419051866575
734,dummy,0.2926666666666667,0.5,0.14285714285714285,0.8571428571428571,0.0646870112226142,0.14285714285714285
734,sgd-linear,0.49333333333333335,0.548247803371493,0.24387237493233055,0.8984434425636078,0.18388271582404397,0.24387237493233055
735,dummy,0.2926666666666667,0.5,0.14285714285714285,0.8571428571428571,0.0646870112226142,0.14285714285714285
735,sgd-linear,0.51,0.7984227744024188,0.4031321683542071,0.9026593702599088,0.3715334322904341,0.4031321683542071
736,dummy,0.2926666666666667,0.5,0.14285714285714285,0.8571428571428571,0.0646870112226142,0.14285714285714285
736,sgd-linear,0.5533333333333333,0.8475185369670998,0.2732746409054254,0.9103308212070228,0.20162416090694646,0.2732746409054254
737,dummy,0.2926666666666667,0.5,0.14285714285714285,0.8571428571428571,0.0646870112226142,0.14285714285714285
737,sgd-linear,0.5013333333333333,0.8080167129615224,0.36592664406915826,0.9030579030531584,0.3535370506348779,0.36592664406915826
738,dummy,0.2926666666666667,0.5,0.14285714285714285,0.8571428571428571,0.0646870112226142,0.14285714285714285
738,sgd-linear,0.51,0.6260115119742004,0.2517618541183332,0.901629167975474,0.18599167053543036,0.2517618541183332
739,dummy,0.2926666666666667,0.5,0.14285714285714285,0.8571428571428571,0.0646870112226142,0.14285714285714285
739,sgd-linear,0.4793333333333334,0.8137046714267722,0.27243941786575876,0.8976455374123683,0.22965297984697203,0.27243941786575876
740,dummy,0.2926666666666667,0.5,0.14285714285714285,0.8571428571428571,0.0646870112226142,0.14285714285714285
740,sgd-linear,0.46066666666666667,0.7734198217467461,0.3345589476538106,0.894198784100053,0.2939909975023264,0.3345589476538106
741,dummy,0.2926666666666667,0.5,0.14285714285714285,0.8571428571428571,0.0646870112226142,0.14285714285714285
741,sgd-linear,0.42200000000000004,0.7563723524170152,0.2359659119753464,0.8839580440101205,0.205434273243209,0.2359659119753464
742,dummy,0.2926666666666667,0.5,0.14285714285714285,0.8571428571428571,0.0646870112226142,0.14285714285714285
742,sgd-linear,0.39666666666666667,0.7627814771581793,0.28306903556056817,0.8807181898359339,0.2381176687968173,0.28306903556056817
743,dummy,0.2926666666666667,0.5,0.14285714285714285,0.8571428571428571,0.0646870112226142,0.14285714285714285
743,sgd-linear,0.53,0.8169678015031809,0.26156652002493785,0.9055616425441387,0.19201015403946003,0.26156652002493785
744,dummy,0.2926666666666667,0.5,0.14285714285714285,0.8571428571428571,0.0646870112226142,0.14285714285714285
744,sgd-linear,0.5506666666666666,0.8034576528886792,0.2876446503949688,0.9099757940019249,0.2345071674068501,0.2876446503949688
745,dummy,0.2926666666666667,0.5,0.14285714285714285,0.8571428571428571,0.0646870112226142,0.14285714285714285
745,sgd-linear,0.45599999999999996,0.799040567042314,0.3702763824445607,0.8916017151823752,0.34668009656057464,0.3702763824445607
746,dummy,0.2926666666666667,0.5,0.14285714285714285,0.8571428571428571,0.0646870112226142,0.14285714285714285
746,sgd-linear,0.364,0.7534861673508212,0.2614287188667112,0.8758627392812424,0.18732021679738214,0.2614287188667112
747,dummy,0.2926666666666667,0.5,0.14285714285714285,0.8571428571428571,0.0646870112226142,0.14285714285714285
747,sgd-linear,0.508,0.7821300146761013,0.3177697093855404,0.9020473970045714,0.270791552484996,0.3177697093855404
748,dummy,0.2926666666666667,0.5,0.14285714285714285,0.8571428571428571,0.0646870112226142,0.14285714285714285
748,sgd-linear,0.5693333333333334,0.8489140840727696,0.37894087959522027,0.914953879696675,0.3284650000645275,0.37894087959522027
749,dummy,0.2926666666666667,0.5,0.14285714285714285,0.8571428571428571,0.0646870112226142,0.14285714285714285
749,sgd-linear,0.5506666666666666,0.8189675387982753,0.2828653215825774,0.9101133459577502,0.2295350137558069,0.2828653215825774
750,dummy,0.2926666666666667,0.5,0.14285714285714285,0.8571428571428571,0.0646870112226142,0.14285714285714285
750,sgd-linear,0.434,0.796140936298418,0.35505065311918166,0.8875815704646925,0.3366391591038663,0.35505065311918166
751,dummy,0.2926666666666667,0.5,0.14285714285714285,0.8571428571428571,0.0646870112226142,0.14285714285714285
751,sgd-linear,0.506,0.6949962728164933,0.24968561879807694,0.9005012358285374,0.18582339897628755,0.24968561879807694
752,dummy,0.2926666666666667,0.5,0.14285714285714285,0.8571428571428571,0.0646870112226142,0.14285714285714285
752,sgd-linear,0.5333333333333334,0.7129473642594976,0.3238770917275564,0.9073137356014189,0.275144297827899,0.3238770917275564
753,dummy,0.2926666666666667,0.5,0.14285714285714285,0.8571428571428571,0.0646870112226142,0.14285714285714285
753,sgd-linear,0.2926666666666667,0.5433364911833753,0.14285714285714285,0.8571428571428571,0.0646870112226142,0.14285714285714285
754,dummy,0.2926666666666667,0.5,0.14285714285714285,0.8571428571428571,0.0646870112226142,0.14285714285714285
754,sgd-linear,0.5746666666666667,0.83313215281567,0.376474889263134,0.9152886623944937,0.31372962326690773,0.376474889263134
755,dummy,0.2926666666666667,0.5,0.14285714285714285,0.8571428571428571,0.0646870112226142,0.14285714285714285
755,sgd-linear,0.378,0.7784222228841154,0.3236243822866255,0.8774467478785155,0.2726405163755277,0.3236243822866255
756,dummy,0.2926666666666667,0.5,0.14285714285714285,0.8571428571428571,0.0646870112226142,0.14285714285714285
756,sgd-linear,0.5713333333333332,0.8068013671046742,0.3451446301550949,0.9141855704729294,0.2934789726921824,0.3451446301550949
757,dummy,0.2926666666666667,0.5,0.14285714285714285,0.8571428571428571,0.0646870112226142,0.14285714285714285
757,sgd-linear,0.5473333333333333,0.7866893075988173,0.27781523530167335,0.9092328115687052,0.2170956247597431,0.27781523530167335
758,dummy,0.2926666666666667,0.5,0.14285714285714285,0.8571428571428571,0.0646870112226142,0.14285714285714285
758,sgd-linear,0.5086666666666666,0.708059325041298,0.26368213749319114,0.9015060719068012,0.21097399117122,0.26368213749319114
759,dummy,0.2926666666666667,0.5,0.14285714285714285,0.8571428571428571,0.0646870112226142,0.14285714285714285
759,sgd-linear,0.4906666666666667,0.7275727488849226,0.2754543578519263,0.8995917470816355,0.24268144006061143,0.2754543578519263
760,dummy,0.2926666666666667,0.5,0.14285714285714285,0.8571428571428571,0.0646870112226142,0.14285714285714285
760,sgd-linear,0.3393333333333334,0.7212170897168542,0.26484965608855515,0.8703730532664032,0.1794923950276273,0.26484965608855515
761,dummy,0.2926666666666667,0.5,0.14285714285714285,0.8571428571428571,0.0646870112226142,0.14285714285714285
761,sgd-linear,0.4206666666666667,0.758329368508993,0.2989666938195171,0.8842656291233235,0.2478123251138989,0.2989666938195171
762,dummy,0.2926666666666667,0.5,0.14285714285714285,0.8571428571428571,0.0646870112226142,0.14285714285714285
762,sgd-linear,0.43933333333333335,0.814600154881677,0.32500798355279076,0.8932544503737583,0.2825697982686345,0.32500798355279076
763,dummy,0.2926666666666667,0.5,0.14285714285714285,0.8571428571428571,0.0646870112226142,0.14285714285714285
763,sgd-linear,0.5393333333333333,0.8432393290796354,0.3007728361101906,0.9089372148018275,0.26343039156711895,0.3007728361101906
764,dummy,0.2926666666666667,0.5,0.14285714285714285,0.8571428571428571,0.0646870112226142,0.14285714285714285
764,sgd-linear,0.41200000000000003,0.7255932362537534,0.2813935668219088,0.8857691697463587,0.24519786334236032,0.2813935668219088
765,dummy,0.2926666666666667,0.5,0.14285714285714285,0.8571428571428571,0.0646870112226142,0.14285714285714285
765,sgd-linear,0.5039999999999999,0.7298362337798342,0.37921684205568,0.9044626331794527,0.3320726299142711,0.37921684205568
766,dummy,0.2926666666666667,0.5,0.14285714285714285,0.8571428571428571,0.0646870112226142,0.14285714285714285
766,sgd-linear,0.5553333333333333,0.6917123864549313,0.274150155943401,0.9107357255393469,0.20243410227012762,0.274150155943401
767,dummy,0.2926666666666667,0.5,0.14285714285714285,0.8571428571428571,0.0646870112226142,0.14285714285714285
767,sgd-linear,0.462,0.8130708460539944,0.3120182373605946,0.8956493769900595,0.27748331865526676,0.3120182373605946
